track_name,emotion,album,track_id,danceability,energy,key,loudness,mode,speechiness,instrumentalness,liveness,valence,tempo,duration_ms,time_signature
"Ooh La La (From ""Shubh Mangal Zyada Saavdhan"")",0,"Ooh La La (From ""Shubh Mangal Zyada Saavdhan"")",4XeiaqgffFCVCnRykaTuPg,0.796,0.918,1,-2.606,1,0.125,6.10E-06,0.191,0.862,130.013,199615,4
"Lift Teri Bandh Hai (From ""Judwaa 2"")",0,"Oonchi Hai Building 2.0 (From ""Judwaa 2"")",3ElJ4RSdrweHUb1jsPEOF8,0.829,0.76,1,-5.552,1,0.106,1.04E-05,0.336,0.773,107.01,204550,4
O Saki Saki,0,Batla House,1K8zYNuDywMknSJuNGoWy0,0.737,0.961,10,-0.155,0,0.0747,0,0.361,0.568,108.014,191089,4
"Bezubaan Kab Se (From ""Street Dancer 3D"")",0,"Bezubaan Kab Se (From ""Street Dancer 3D"")",1WzOH0E1W1z5jcLluumQGE,0.747,0.865,7,-5.991,1,0.0451,0.00058,0.0764,0.209,124.985,271279,4
Lagan Lagi,0,Tere Naam,2wCYsTuY8Wsw0iBlw06mbg,0.667,0.727,1,-8.585,1,0.0502,6.52E-05,0.253,0.756,98.975,275520,4
Main Hoon Don,0,Don,3FrzIfTz8mMS8Xowzu3ZUj,0.651,0.687,9,-8.674,1,0.0445,1.86E-05,0.0809,0.186,120.015,330133,4
Aaj Ki Raat,0,Don,4bPF3oy4JsKK1UeMMn7Byf,0.738,0.823,1,-6.966,0,0.0658,0.00627,0.0871,0.923,137,368480,4
Don Revisited,0,Don,0ZtqCBPeXRoMxjKdjUSBno,0.438,0.863,2,-9.358,1,0.0331,0.806,0.103,0.508,131.805,286000,4
Jhalak Dikhla Ja,0,Aksar,43SKg10CCeaoyr7XSKfpTR,0.688,0.737,2,-10.051,1,0.0443,0.00025,0.0599,0.635,110.969,317560,4
Dil Dooba,0,Khakee,6cUaCs1lKfDOyFKMkBF8ch,0.814,0.909,0,-6.875,1,0.0753,0,0.345,0.961,100.004,230947,4
Aankhen Bandh Karke,0,Aitraaz (Original Motion Picture Soundtrack),51wGpH0BKfx5KbGX8tvj4v,0.663,0.765,10,-7.027,0,0.0414,6.63E-06,0.205,0.499,89.981,341133,4
Tum Mile,0,Tum Mile (Original Motion Picture Soundtrack),1EjxJHY9A6LMOlvyZdwDly,0.738,0.798,0,-6.663,1,0.0334,5.15E-06,0.31,0.793,123.01,343787,4
Tune Jo Na Kaha,0,New York,0pw3p4gf5homOkvOGOJulF,0.314,0.475,5,-12.38,1,0.0838,0.00539,0.34,0.312,78.992,310073,4
Kabhi Kabhi Aditi,0,Jaane Tu... Ya Jaane Na,3APdIdF8H0jsxSuGOqXedS,0.791,0.558,7,-7.155,0,0.0661,0,0.0859,0.872,95.077,218836,4
Zara Sa,0,Jannat (Original Motion Picture Soundtrack),18YHbIhrleUkKKj2DvEp79,0.468,0.91,11,-3.057,0,0.051,0.000304,0.271,0.694,163.842,303680,4
"Thug Le (From ""Ladies V/s Ricky Bahl"")",0,My Ultimate Bollywood Party 2012,3qlL6HWvkQ0EDzRHC6Rre5,0.753,0.77,1,-6.282,1,0.0634,1.75E-05,0.123,0.945,113.016,216147,4
"Pani Da Rang Male (From ""Vicky Donor"")",0,Vicky Donor,6eTPyEkYUmDUFvNxJdNuOD,0.679,0.622,4,-8.514,0,0.0328,6.52E-05,0.106,0.483,98.028,240787,4
"Jugni (from ""Cocktail"")",0,Cocktail,37pIbmzFbXQ4iQe38ehn2c,0.614,0.759,1,-6.763,1,0.107,0,0.3,0.361,166.096,417386,4
Tum Hi Ho,0,Aashiqui 2,56zZ48jdyY2oDXHVnwg5Di,0.528,0.449,5,-6.25,0,0.025,0,0.122,0.317,94.058,261974,4
Jogi Mahi,0,Bachna Ae Haseeno,6TuPGbfbcWxITQnyMy04rU,0.702,0.843,5,-5.868,0,0.0846,0.000382,0.282,0.872,98.028,294949,4
Tum Ho,0,Rockstar,7uNnlVit5qDvfOje0pqICF,0.356,0.47,5,-8.929,1,0.0278,1.00E-05,0.0807,0.167,93.895,316500,4
Bulleya,0,Ae Dil Hai Mushkil (Original Motion Picture Soundtrack) [Deluxe Edition],0Bz7dfqPY4JOGZO3O1j8Wh,0.552,0.769,2,-4.504,0,0.0465,0,0.112,0.702,86.957,348966,4
Rab Ka Shukrana,0,Jannat 2 (Original Motion Picture Soundtrack),2VJIaxgWeyw9loL1sqKl7c,0.602,0.559,10,-6.203,0,0.0426,0,0.131,0.44,122.017,299573,4
Tujhe Sochta Hoon,0,Jannat 2 (Original Motion Picture Soundtrack),47l2Dd3XPBLio3kjbEMyDJ,0.579,0.712,0,-6.119,0,0.0308,0.000253,0.18,0.486,80.998,313933,4
Dil De Diya Hai,0,Masti,2zT6KfK583MkcLIHLBO8De,0.599,0.689,0,-5.668,0,0.0452,1.10E-05,0.119,0.537,86.927,366747,4
Senorita,0,Zindagi Na Milegi Dobara,3TAhWtQnpoL5Vl9VQPl9fU,0.701,0.681,9,-6.442,1,0.0466,0,0.064,0.81,122.539,229576,4
Mit Jaaye Gham (Dum Maaro Dum),0,Dum Maaro Dum,33vhuNbI4A5BcXBYcw9wZx,0.747,0.921,0,-3.851,1,0.0859,0.000164,0.0367,0.671,129.945,232734,4
Khalbali,0,Rang De Basanti (Original Motion Picture Soundtrack),6sXzqMagXtWvSOI9nNc4UD,0.789,0.707,7,-7.973,1,0.109,0,0.177,0.605,97.015,379227,4
Kabhi Alvida Naa Kehna,0,Kabhi Alvida Naa Kehna (Original Motion Picture Soundtrack),4uXShFWajd1PTQzlW3P4jj,0.365,0.407,5,-10.352,1,0.0424,0.00129,0.212,0.464,149.161,483920,4
"Yahi Hota Pyaar (From ""Namastey London"")",0,Namastey London,759KVYocSBXI5cbDBLgsNy,0.709,0.688,2,-9.096,1,0.0386,0.000665,0.129,0.607,107.994,383613,4
Kun Faya Kun,0,Rockstar,7F8RNvTQlvbeBLeenycvN6,0.362,0.378,1,-11.008,1,0.0329,0,0.091,0.575,87.549,470500,4
Channa Mereya,0,Ae Dil Hai Mushkil (Original Motion Picture Soundtrack) [Deluxe Edition],0H2iJVgorRR0ZFgRqGUjUM,0.476,0.788,9,-4.821,0,0.0446,2.49E-05,0.106,0.746,90.066,289333,4
Bezubaan Phir Se,0,ABCD 2,6SgKgoIUaD3UskSh2eNcga,0.491,0.616,6,-8.67,0,0.0918,0.00329,0.102,0.338,99.972,272434,4
"Tujhe Kitna Chahne Lage (From ""Kabir Singh"")",0,"Tujhe Kitna Chahne Lage (From ""Kabir Singh"")",2Fv2injs4qAm8mJBGaxVKU,0.427,0.396,11,-7.556,1,0.0366,0,0.11,0.306,70.368,284780,4
"Pachtaoge (From ""Jaani Ve"")",0,"Pachtaoge (From ""Jaani Ve"")",5QVHNa0ppJUOoqSd36ovQS,0.515,0.691,5,-4.028,0,0.0344,0,0.121,0.484,169.521,226789,3
Hamari Adhuri Kahani (Title Track),0,Hamari Adhuri Kahani (Original Motion Picture Soundtrack),3HiobOOpSpMsi95WBKPBYk,0.223,0.359,0,-7.569,1,0.0312,0,0.133,0.193,73.059,398799,4
Naina,0,Dangal (Original Motion Picture Soundtrack),0Yld4eVEV6rBvpijVU2s6l,0.501,0.445,6,-8.432,1,0.0337,0,0.117,0.388,80.086,225750,4
Kalank (Title Track),0,Kalank,6vo7Y1iWyZvpjvFbf6BiZ5,0.57,0.55,10,-8.343,1,0.035,3.73E-05,0.0921,0.435,117.999,311186,4
"Khamoshiyan (From ""Khamoshiyan"")",0,"Khamoshiyan (From ""Khamoshiyan"")",5Gy67YHzPZTk9Q0D73LAGH,0.524,0.52,2,-6.838,0,0.0272,0,0.158,0.259,143.885,335710,3
Janam Janam,0,Dilwale (Original Motion Picture Soundtrack),4km0RUkMMFdx8iDuq36o2w,0.301,0.581,11,-7.324,0,0.0422,0,0.0757,0.235,132.051,237897,3
"Bulleya (From ""Ae Dil Hai Mushkil"") - Reprise",0,Yours Truly Arijit,6BF9qGTbwHweKyit2gEtsa,0.533,0.787,2,-4.395,0,0.0416,0,0.112,0.634,87.055,348966,4
Arziyan,0,Delhi-6,3V80Iv04B9XAqGHbXdtRT1,0.582,0.559,9,-8.64,1,0.0479,0,0.135,0.656,139.891,519236,3
Lae Dooba,0,Aiyaary,4cNbz1UdBCrnGOg0NNP1iF,0.569,0.297,6,-8.639,1,0.0292,0,0.0938,0.466,89.96,229878,4
Moh Moh Ke Dhaage (Female),0,Dum Laga Ke Haisha,7uubRr0u9Zxc1Y84hEn7Xf,0.585,0.399,2,-8.133,1,0.0286,3.47E-06,0.123,0.349,128.03,322900,4
Judai,0,Jannat (Original Motion Picture Soundtrack),7LGgRybx6vnACSRnYcGmMl,0.677,0.837,8,-4.814,0,0.0646,0.0013,0.115,0.829,111.934,302400,4
Bandheh,0,Black Friday,7nz5qUO3ZtyfpMV4SuRWku,0.612,0.425,0,-8.706,0,0.0499,7.85E-06,0.0776,0.17,135.009,468793,4
Dil Kyun Yeh Mera,0,Kites,5nHwX7e5XHnie22nuTFgda,0.486,0.382,6,-6.183,1,0.0286,8.56E-05,0.149,0.164,125.918,333200,3
Such Keh Raha Hai,0,Rehnaa Hai Terre Dil Mein,0ypgFw67lNEpoKFUxUV0tG,0.797,0.306,11,-14.176,0,0.0487,0,0.169,0.519,124.003,328880,4
Zindagi Do Pal Ki,0,Kites,3s6H6UW7yPu2rsF8CGki60,0.678,0.771,6,-2.849,1,0.0266,0.00253,0.149,0.462,105.976,253200,4
"Rangeela Re (From ""Rangeela"")",0,Rangeela (Original Motion Picture Soundtrack),624lQRTcXdmQiWcNhMWgPU,0.916,0.716,1,-6.563,1,0.139,0.528,0.201,0.724,113.016,334840,4
Dekha Hazaro Dafaa,0,Rustom,7AV1hh76pC1mg4iSH796Vp,0.411,0.277,7,-8.844,1,0.0305,0,0.209,0.345,143.768,207752,3
Makhna,0,"Makhna (From ""Drive"")",0ZHILXmUaVSLEOCWxPQ1ga,0.696,0.704,1,-7.876,1,0.0423,0,0.155,0.426,124.972,183000,4
Hai Junoon,0,New York,5u4q3iqZ9IMbXaR7bsGYbW,0.739,0.664,2,-10.582,1,0.0338,1.14E-06,0.0856,0.878,106.021,331572,4
Jee Le Zaraa,0,Talaash,2r32XiAWtZbT3eLUvf4pag,0.584,0.698,4,-6.61,0,0.0376,0,0.0699,0.436,79.993,215203,4
Patakha Guddi (Male Version),0,Highway (Original Motion Picture Soundtrack),3ci2zg0zWVD7YuFXzXMGnD,0.695,0.767,7,-7.037,0,0.0643,3.97E-06,0.173,0.727,130.994,357826,4
Tum Tak,0,Raanjhanaa (Original Motion Picture Soundtrack),1wnozUBSe7OMpmZiTPJC5j,0.72,0.621,2,-9.773,1,0.0491,0,0.0679,0.566,114.987,304467,4
At My Worst,0,The Prelude,0ri0Han4IRJhzvERHOZTMr,0.813,0.415,0,-5.926,1,0.0349,0,0.131,0.667,91.921,170345,4
Love The Way You Lie,0,Recovery,6UaRii9AH6Zss9xNMEQ2M9,0.746,0.922,10,-5.014,1,0.236,0,0.515,0.638,86.961,263373,4
Break My Heart,0,Break My Heart,1raaNykBg1bDnWENUiglUA,0.73,0.729,4,-3.434,0,0.0886,1.39E-06,0.349,0.467,113.012,221820,4
Titanium (feat. Sia),0,Nothing but the Beat Ultimate,2dOTkLZFbpNXrhc24CnTFd,0.604,0.787,0,-3.674,0,0.103,0.15,0.127,0.301,126.062,245040,4
We Don't Talk Anymore (feat. Selena Gomez),0,Nine Track Mind,68EMU2RD1ECNeOeJ5qAXCV,0.728,0.563,1,-8.053,0,0.134,0,0.179,0.352,100.017,217707,4
Agar Tum Saath Ho,0,Tamasha,3hkC9EHFZNQPXrtl8WPHnX,0.562,0.519,3,-8.744,1,0.0326,0.000268,0.172,0.415,122.925,341055,4
Shaayraana,0,Holiday (Original Motion Picture Soundtrack),2UGhg8kZPwn9Aofl1083N4,0.608,0.665,2,-4.244,1,0.0482,1.46E-05,0.0832,0.704,93.919,261439,4
"Enna Sona (From ""OK Jaanu"")",0,"Enna Sona (From ""OK Jaanu"")",1Wf5q34m4hTnAxCljiAonb,0.717,0.415,7,-9.875,0,0.0302,1.43E-06,0.0976,0.379,100.021,213632,4
Safarnama,0,Tamasha,6w458kA8WOAIZr1ublxnK9,0.541,0.512,9,-10.203,1,0.0291,0.000528,0.162,0.203,120.036,251402,4
Matargashti,0,Tamasha,5GeBgck1MU2tlIkMpsn8uT,0.792,0.63,0,-6.741,1,0.0682,0,0.0758,0.659,100.022,328052,4
Saadda Haq,0,Rockstar,7k3jpyYPnVnbO0p7iejWxL,0.554,0.882,6,-5.018,0,0.0488,2.80E-06,0.368,0.627,96.958,362662,4
Apna Time Aayega,0,Gully Boy,5uaIbU3oHHcSOK6WFNK5nj,0.766,0.618,11,-8.552,0,0.124,0.000115,0.181,0.513,95.054,140463,4
Tu Meri,0,Bang Bang (Original Motion Picture Soundtrack),39TJkE0AEkfWii8VB3JqSV,0.679,0.688,8,-5.522,1,0.0293,0,0.704,0.424,127.951,257089,4
Iktara,0,Wake Up Sid (Original Motion Picture Soundtrack),3jtKSUiVDowKNBqVQbWaig,0.616,0.525,7,-7.065,1,0.0258,0.000484,0.309,0.427,79.976,253773,4
Zara Zara,0,Rehna Hai Tere Dil Mein,7yBTD8ymmfpj3dV3jnjr1l,0.635,0.268,11,-15.073,0,0.0895,2.04E-06,0.316,0.62,143.771,298266,4
Tere Bina,0,Guru (Original Motion Picture Soundtrack),4FeczSomVWVyU4FW7xDeAI,0.744,0.7,2,-7.663,1,0.0375,0.000155,0.068,0.867,144.033,309640,4
Kahaan Hoon Main,0,Highway (Original Motion Picture Soundtrack),6F092qC6W0wEzYfZN6I6RW,0.324,0.198,9,-13.264,1,0.0315,0.00165,0.069,0.0776,135.86,327394,4
"Piyu Bole (From ""Parineeta"")",0,Aapke Pyaar Mein (Love Songs),4ODYKRlvf1a346wm6fPAh4,0.667,0.341,1,-11.183,1,0.0254,0,0.119,0.6,97.5,267840,3
"Bheegi Si Bhaagi Si (From ""Raajneeti"")",0,Best of Me Pritam,1bIJ3xSGiqhgklNxWfGxRd,0.564,0.867,8,-6.21,1,0.121,0,0.262,0.815,88.919,278093,4
"Safar (From ""Jab Harry Met Sejal"")",0,"Safar (From ""Jab Harry Met Sejal"")",4BH3FzJwNvjDpL8J78NMYM,0.307,0.604,7,-5.592,1,0.0397,3.79E-06,0.0789,0.452,85.641,365669,5
Main Yahaan Hoon,1,Veer - Zaara,3OAFzjwWionh8OfM4kgf2R,0.484,0.788,4,-7.625,0,0.0565,0.0132,0.0939,0.741,171.973,295158,4
Bezubaan Phir Se,1,ABCD 2,6SgKgoIUaD3UskSh2eNcga,0.491,0.616,6,-8.67,0,0.0918,0.00329,0.102,0.338,99.972,272434,4
"Fikar Not (From ""Chhichhore"")",1,"Fikar Not (From ""Chhichhore"")",7oRA6vzbUl5brLK7GDcKOJ,0.609,0.849,5,-6.826,0,0.0859,0.0019,0.058,0.869,185.889,189073,3
Baaki Baatein Peene Baad (Shots) (feat. Badshah),1,Baaki Baatein Peene Baad (Shots) (feat. Badshah),2RBkVQwpkDeYytMTQwjyTk,0.566,0.862,7,-6.02,0,0.105,0,0.103,0.455,147.974,220313,4
"Ek Toh Kum Zindagani (From ""Marjaavaan"")",1,"Ek Toh Kum Zindagani (From ""Marjaavaan"")",6oDHAjaJJjwwgoAuMIeY9K,0.668,0.965,7,-2.293,1,0.091,0.000867,0.0566,0.722,128.012,190346,4
Ude Dil Befikre,1,Befikre,0hgTkEDY9oIG5DPKN39KHP,0.704,0.952,0,-2.331,0,0.0333,0,0.335,0.902,106.99,231327,4
Kal Ho Naa Ho,1,Kal Ho Naa Ho (Original Motion Picture Soundtrack),251PNRmJU9KcUnFQAB5t6I,0.532,0.529,0,-8.402,1,0.0352,0.000144,0.078,0.295,81.989,321240,4
"Sapna Jahan (From ""Brothers"")",1,"Sapna Jahan (From ""Brothers"")",6uQkoo1UGWThtEpNEYc6Ga,0.471,0.329,0,-11.958,0,0.0312,0.0021,0.117,0.144,126.107,341780,4
"Ishq Bina (From ""Taal"")",1,Taal (Original Motion Picture Soundtrack),5JWpN1YtsTFVzv5cjTAvNr,0.657,0.357,7,-16.269,1,0.0606,3.05E-06,0.0621,0.507,87.961,460498,4
"Yaaron Sun Lo Zara (From ""Rangeela"")",1,Rangeela (Original Motion Picture Soundtrack),3pmNztJPAGQtYWLG19Ne03,0.777,0.554,7,-7.874,0,0.299,0,0.028,0.604,144.889,354000,4
"Tanha Tanha (From ""Rangeela"")",1,Rangeela (Original Motion Picture Soundtrack),6adCtjw7QeTlV9gswjBMC4,0.608,0.895,6,-6.04,0,0.42,0.00931,0.0446,0.373,189.836,336000,4
Heer Toh Badi 4 Hai,1,Tamasha (Original Motion Picture Soundtrack),7AUeoRKLHaUaYz4QdRa9Q4,0.527,0.914,7,-5.028,1,0.0588,6.40E-06,0.134,0.901,91.05,326896,4
Wat Wat Wat,1,Tamasha (Original Motion Picture Soundtrack),6niCiX4kh6H4ac7KlSmDgg,0.762,0.886,2,-7.051,1,0.196,1.98E-05,0.155,0.961,150.02,298632,4
Tum Ho Toh,1,Rock On,2uy15favOgEOtS8wjAD9B1,0.469,0.361,0,-8.275,1,0.0293,0.00154,0.104,0.0775,111.972,251277,4
Khaabon Ke Parinday,1,Zindagi Na Milegi Dobara,14eotumM24MhIgzidgN3Jx,0.517,0.565,9,-10.184,1,0.0441,0.00689,0.0997,0.69,169.952,251704,4
Phir Le Aya Dil - Reprise,1,Barfi! (Original Motion Picture Soundtrack),7fpWJr5shT90KiCHXKHxch,0.237,0.543,7,-8.921,1,0.0372,3.86E-06,0.0961,0.316,73.896,305613,4
Soorma Anthem,1,Soorma (Original Motion Picture Soundtrack),01d8tSqJUrPlK1l8FwgsCF,0.723,0.666,7,-7.028,0,0.0274,0,0.106,0.117,113.99,251992,4
"Hui Malang (From ""Malang - Unleash The Madness"")",1,"Hui Malang (From ""Malang - Unleash The Madness"")",5bAed2aRbQbjDZF9qkNSA2,0.633,0.904,7,-5.09,0,0.0564,4.31E-05,0.122,0.259,124.008,192097,4
"Humraah (From ""Malang - Unleash The Madness"")",1,"Humraah (From ""Malang - Unleash The Madness"")",4xmkpE1Si5JL7NFxWrhV0S,0.468,0.854,11,-3.932,0,0.059,0,0.126,0.277,155.867,299822,4
"Malang (Title Track) [From ""Malang - Unleash The Madness""]",1,"Malang (Title Track) [From ""Malang - Unleash The Madness""]",25MPTnqXQB1H6OkwSYUXWx,0.384,0.728,7,-6.503,0,0.0623,1.85E-05,0.329,0.311,156.396,287374,4
Maahi,1,RAAZ - The Mystery Continues (Original Motion Picture Soundtrack),4bIQXffbALkCC0Xo6aTicP,0.463,0.84,9,-4.035,0,0.0955,0,0.351,0.385,153.941,329107,4
"Luttna (From ""Cocktail"")",1,Cocktail,20I462M3P1tqEhds4O3clQ,0.526,0.875,0,-4.289,1,0.0838,1.76E-06,0.344,0.305,88.082,300918,4
Maahi Ve,1,Highway,1sbW5E7w8tnqpYk0Frx8QG,0.604,0.72,5,-7.276,1,0.0603,1.18E-05,0.12,0.528,130.995,240784,4
"Satarangi Re (From ""Dil Se"")",1,Bollywood's Musical Extravaganza - Sonu Nigam & Sukhwinder Singh,75IJNS71OfZjR2LazDx9Jr,0.695,0.504,3,-14.057,0,0.115,0,0.269,0.345,91.022,445520,4
"Roja - Version, 1",1,Roja (Original Motion Picture Soundtrack),4zS1GqwMvfSsA0g48qvxAq,0.63,0.319,4,-17.106,1,0.0467,0,0.0926,0.431,90.956,306147,4
"Jiya Jale (From ""Dil Se"")",1,Humse Hai Muqabala & A.R. Rahman's All Time Hits,11VwOaudCqzI54VPDvJTR3,0.767,0.503,9,-13.424,1,0.0828,9.56E-05,0.158,0.483,141.996,309107,4
"Mere Haath Mein (From ""Fanaa"")",1,Flavours Of Romance-Valentine's Day Vol. 1,6foIYRGnCNfhd6hNSHBVmC,0.554,0.606,1,-12.312,1,0.0722,0.000183,0.11,0.584,93.922,285858,4
Dil Se Re,1,Dil Se (Original Motion Picture Soundtrack),30yySOIXHZYx94sLAySy2j,0.844,0.442,9,-16.54,1,0.0691,0.000498,0.0879,0.436,105.986,405707,4
Kehna Hi Kya - Bombay / Soundtrack Version,1,Bombay,5j5vCuBjS1sFWywWUnkJqV,0.693,0.268,9,-15.606,0,0.0774,0,0.0658,0.587,127.056,353893,4
Ye Tumhari Meri Baatein,1,Rock On,1xaj4bm3GMthtoZHUfepl1,0.351,0.552,5,-7.404,1,0.0273,0.000494,0.112,0.319,87.769,324058,4
Roobaroo,1,Rang De Basanti (Original Motion Picture Soundtrack),3vqJY3pVELLIxqXXyI08yr,0.675,0.582,9,-8.891,1,0.0277,5.56E-06,0.0854,0.538,120.991,282973,4
Believer,1,Evolve,7Izh7zLJGw1Nscd62Exxj4,0.762,0.787,10,-4.311,0,0.127,0,0.126,0.691,125.067,204347,4
Take on Me,1,Hunting High and Low,2WfaOiMkCvy7F5fcp2zZ8L,0.573,0.902,6,-7.638,0,0.054,0.00125,0.0928,0.876,84.412,225280,4
rockstar,1,rockstar (feat. 21 Savage),2U7Hu2RaNQNRi7izoJyZaX,0.578,0.532,5,-6.636,0,0.066,8.97E-05,0.143,0.12,159.784,218320,4
Samjhawan,1,Humpty Sharma Ki Dulhania (Original Motion Picture Soundtrack),4LO5DjN6Tp3UkUvgESuy2t,0.65,0.482,4,-8.667,1,0.0281,0,0.0811,0.517,106.994,269185,4
"Hawayein (From ""Jab Harry Met Sejal"")",1,"Hawayein (From ""Jab Harry Met Sejal"")",6871FKHumiy1Wfr6vF7Xxt,0.606,0.601,2,-5.576,1,0.0283,0.000511,0.127,0.453,125.961,289999,4
Phir Se Ud Chala,1,Rockstar,1kcV2LJxt5v0s2cEGtEJ5i,0.647,0.656,11,-8.632,1,0.0354,0.000163,0.343,0.453,119.965,268833,4
Shree Hanuman Chalisa,1,Shree Hanuman Chalisa (Hanuman Ashtak),6H7fLdt0AeWpuxUKXuXWrx,0.589,0.885,4,-3.4,1,0.035,0,0.132,0.831,91.01,586076,4
Nadaan Parinde,1,Rockstar,6Z394Nd4gW6Ts9hmu3NUjx,0.507,0.741,6,-7.456,0,0.0535,3.95E-06,0.107,0.492,132.903,384000,4
Socha Hai,1,Rock On,7IjnfuMNfdrAXbefurdIIR,0.593,0.773,2,-5.591,1,0.0339,0,0.117,0.561,133.975,246132,4
Rang De Basanti,1,Rang De Basanti (Original Motion Picture Soundtrack),1SdFBc40uBU5Pqylo05VIC,0.848,0.925,7,-6.161,1,0.0767,0.104,0.209,0.69,105.006,363800,4
Roobaroo,1,Rang De Basanti (Original Motion Picture Soundtrack),3vqJY3pVELLIxqXXyI08yr,0.675,0.582,9,-8.891,1,0.0277,5.56E-06,0.0854,0.538,120.991,282973,4
Bulleya,1,Ae Dil Hai Mushkil (Original Motion Picture Soundtrack) [Deluxe Edition],0Bz7dfqPY4JOGZO3O1j8Wh,0.552,0.769,2,-4.504,0,0.0465,0,0.112,0.702,86.957,348966,4
"Dheeme Dheeme (From ""Pati Patni Aur Woh"")",1,"Dheeme Dheeme (From ""Pati Patni Aur Woh"")",7ofWUKeNCUw1P64ArIwG9b,0.8,0.972,10,-2.053,0,0.0405,0.00337,0.351,0.694,110.054,177383,4
"Aadat Se Majboor (From ""Ladies V/s Ricky Bahl"")",1,My Ultimate Bollywood Party 2012,7wFeoieylSyYkmx3aLlfyx,0.83,0.594,9,-9.389,0,0.0749,3.64E-05,0.0857,0.823,115.018,274827,4
Tu Bin Bataye,1,Rang De Basanti (Original Motion Picture Soundtrack),1jjSjma0cfNUhyOUzQqt6J,0.528,0.427,1,-10.848,1,0.0325,0.0188,0.0931,0.11,120.076,357627,4
Samjhawan,1,Humpty Sharma Ki Dulhania (Original Motion Picture Soundtrack),4LO5DjN6Tp3UkUvgESuy2t,0.65,0.482,4,-8.667,1,0.0281,0,0.0811,0.517,106.994,269185,4
"Tu Meri Dost Hain (From ""Yuvvraaj"")",1,AR Rahman Musique,2EYBcS36IcrLX6so7niET9,0.686,0.707,7,-5.906,1,0.0255,3.22E-05,0.343,0.495,99.99,371659,4
"Kaise Mujhe (From ""Ghajini"")",1,AR Rahman Musique,4OOxNBOfqcVgEJfm8cWscr,0.59,0.414,10,-12.391,1,0.0346,0.000522,0.146,0.292,82.002,343742,4
Kya Mujhe Pyaar Hai,1,Woh Lamhe,3HFjh7QljnUCBLsoTwMuTj,0.644,0.818,6,-5.924,0,0.0549,2.62E-05,0.0806,0.789,118.477,266653,4
Sauda Khara Khara,2,"Sauda Khara Khara (From ""Good Newwz"")",4LLvxxkWtt818FNO3cbsdo,0.687,0.919,10,-3.28,1,0.0635,4.38E-06,0.105,0.877,145.037,211034,4
Afghan Jalebi (Film Version),2,Phantom,1rEVydQSe04NJUqyyEyeEq,0.84,0.884,0,-3.217,1,0.334,0,0.0885,0.972,118.007,224207,4
High Heels Te Nachche,2,Ki &amp; Ka,1bAa1OyefOhXdqnL8dlxFt,0.796,0.85,1,-3.641,1,0.203,0,0.129,0.559,136.03,212116,4
Dilliwaali Girlfriend,2,Yeh Jawaani Hai Deewani,3W1XPf7mvuQcWQB7U7MbTM,0.687,0.941,6,-5.23,0,0.0583,2.93E-06,0.0697,0.909,138.048,260552,4
Balam Pichkari,2,Yeh Jawaani Hai Deewani,18e3XXYCv4Tx8uUl1mP3CN,0.732,0.944,0,-4.115,1,0.09,0,0.401,0.957,120.02,288903,4
Bom Diggy Diggy,2,Sonu Ke Titu Ki Sweety,1OACsTiYokI4NUgnMonSmt,0.782,0.827,11,-4.219,0,0.0627,0,0.226,0.498,104.032,238530,4
Tamma Tamma Again,2,Badrinath Ki Dulhania,5sqPE9h98DkO5ms20NUiUg,0.724,0.848,2,-4.724,1,0.0522,9.16E-05,0.104,0.781,123.02,199265,4
Gulaabo,2,Shaandaar,5hRXhmEuQW3SJwX94BBV6u,0.767,0.64,11,-6.626,1,0.152,4.39E-05,0.085,0.751,146.036,264418,4
"O Saki Saki (From ""Batla House"")",2,"O Saki Saki (From ""Batla House"")",4cFwhwH5ydnHgB0Tv3lZsm,0.737,0.961,10,-0.155,0,0.0747,0,0.361,0.567,108.014,191089,4
"Malang (Title Track) [From ""Malang - Unleash The Madness""]",2,"Malang (Title Track) [From ""Malang - Unleash The Madness""]",25MPTnqXQB1H6OkwSYUXWx,0.384,0.728,7,-6.503,0,0.0623,1.85E-05,0.329,0.311,156.396,287374,4
Kar Gayi Chull,2,The Badshah of Party Hits,3fPgIknlkDWXs1l2noKZbp,0.827,0.737,11,-5.473,0,0.0764,0.000322,0.211,0.873,121.99,187711,4
Abhi Toh Party Shuru Hui Hai,2,Khoobsurat,0rUN8ascPVT9iiLzC5ocPw,0.806,0.815,3,-5.373,0,0.0599,2.35E-05,0.586,0.678,129.999,179912,4
Nachde Ne Saare,2,Baar Baar Dekho (Original Motion Picture Soundtrack),4c8erEn1DjLoDp0CRLkNnq,0.82,0.907,7,-4.517,1,0.0607,4.85E-05,0.0816,0.834,126.062,194762,4
"Pyaar Tenu Karda Gabru (From ""Shubh Mangal Zyada Saavdhan"")",2,"Pyaar Tenu Karda Gabru (From ""Shubh Mangal Zyada Saavdhan"")",0OcVZqIer0LLu3K8sdU5Yb,0.808,0.901,1,-1.944,1,0.0907,0.000762,0.262,0.709,93.026,165582,4
"Nachange Saari Raat (feat. Neeraj Shridhar, Tulsi Kumar)",2,Junooniyat,1iF6lrJludTZmfgMgXPqSe,0.679,0.921,1,-4.416,0,0.0362,1.41E-06,0.0636,0.755,131.084,251514,4
Gallan Goodiyaan,2,Dil Dhadakne Do,7hNYvX0qAKrxtVr1jGDmvR,0.83,0.858,6,-3.18,0,0.0554,1.72E-05,0.0567,0.949,119.974,296500,4
Khalibali,2,Padmaavat,3JT0mVof65rIHpRZITwRx1,0.642,0.94,9,-5.274,1,0.102,0,0.0989,0.645,101.252,258894,3
"Malhari (From ""Bajirao Mastani"")",2,Bajirao Mastani (Original Motion Picture Soundtrack),7EvAlx0lOLbZgCKH50wnUU,0.507,0.932,1,-4.501,0,0.0762,0,0.302,0.311,114.961,244048,3
Oh Ho Ho Ho (Remix),2,Hindi Medium,3F0I9AkbRwz12yz7Hxn0bF,0.676,0.935,5,-3.499,0,0.0892,0,0.097,0.802,144.944,244417,4
Saturday Saturday,2,Humpty Sharma Ki Dulhania (Original Motion Picture Soundtrack),5L9gWUx3Ystgb42kn3AF0i,0.847,0.938,8,-4.615,1,0.0974,0,0.107,0.786,130.02,210799,4
"Ghungroo (From ""War"")",2,"Ghungroo (From ""War"")",0WdbnNKO0Jt4BZACSDQh44,0.695,0.727,6,-6.274,0,0.0323,0.000175,0.533,0.864,118.034,302935,4
Abhi Toh Party Shuru Hui Hai,2,Khoobsurat,0rUN8ascPVT9iiLzC5ocPw,0.806,0.815,3,-5.373,0,0.0599,2.35E-05,0.586,0.678,129.999,179912,4
"Mein Sharabi (From ""Cocktail"")",2,Cocktail,1EBFDh7NkQqI80564tQaUq,0.774,0.81,7,-8.247,1,0.0968,1.32E-06,0.0386,0.682,130.025,265846,4
"Mann Mera (From ""Table No. 21"")",2,Table No. 21,6k1f836hWD6F0ZehWTsyeQ,0.54,0.774,1,-7.873,0,0.0444,0,0.142,0.384,191.809,198125,4
Chak De India,2,Chak De India,6D3vmtskO4RbZP3bBIDY3X,0.755,0.894,4,-8.544,0,0.0993,1.55E-05,0.141,0.799,104.985,283951,4
Sunny Sunny,2,Yaariyan,6GwjeSBaJ7C8yZXklaXXY1,0.794,0.878,11,-7.502,0,0.078,0.029,0.197,0.352,129.978,243319,4
Dil Chahta Hai,2,Dil Chahta Hai,2r1CHpKRDdzHGJScn5UqjX,0.813,0.554,10,-9.105,1,0.04,1.23E-06,0.0629,0.782,103.953,310080,4
Chaiyya Chaiyya,2,Dil Se,7ItsQ8ow0xsBJSW8NdGH5v,0.788,0.675,2,-13.249,1,0.166,0,0.0731,0.558,90.001,414427,4
Taal Se Taal,2,Taal (Original Motion Picture Soundtrack),0MG4XuSIiwX5rmok4OvHBZ,0.682,0.532,7,-14.114,1,0.0969,0.000432,0.129,0.614,95.007,373005,4
Ramta Jogi,2,Taal (Original Motion Picture Soundtrack),1vP5twuVXFiInkDvv2815T,0.798,0.636,6,-10.524,1,0.0432,0,0.117,0.798,139.979,373451,4
Rang De Basanti,2,Rang De Basanti (Original Motion Picture Soundtrack),1SdFBc40uBU5Pqylo05VIC,0.848,0.925,7,-6.161,1,0.0767,0.104,0.209,0.69,105.006,363800,4
Masti Ki Paathshala,2,Rang De Basanti (Original Motion Picture Soundtrack),2cZ2Q33G9mkS8fIVKM591T,0.845,0.686,7,-6.728,1,0.0781,5.35E-05,0.129,0.874,146.954,219853,4
Jai Ho,2,Slumdog Millionaire - Music From The Motion Picture,4i3MgUew8ynhf49Qwr4IP4,0.733,0.795,9,-6.748,1,0.0609,0.0001,0.0989,0.299,136.977,319347,4
"Chhoti Si Aasha - Version, 1",2,Roja (Original Motion Picture Soundtrack),47U38LbRLzE76b6QOPZYtu,0.639,0.245,2,-15.25,1,0.0479,4.69E-06,0.1,0.524,172.05,297347,4
Matargashti,2,Tamasha (Original Motion Picture Soundtrack),3YAKWgfsdOFYsyQOfZMM7T,0.785,0.632,0,-6.726,1,0.0817,0,0.0742,0.668,100.02,328073,4
Masakali,2,Delhi 6 (Original Motion Picture Soundtrack),3V5liIJYv58r2IN6XLRvci,0.676,0.599,5,-8.355,0,0.0988,1.17E-06,0.0911,0.53,100.005,290888,4
Saadda Haq (feat. Orianthi Panagaris On Guitars),2,Rockstar,6ccrpAhoWRSOAsB2oVb3ao,0.561,0.881,6,-4.981,0,0.0491,1.64E-06,0.272,0.609,96.959,364670,4
Tu Hi Re - Bombay / Soundtrack Version,2,Bombay,6nwRC0UkS1MdOOMjcJsrbX,0.445,0.188,3,-13.885,1,0.0336,0,0.0958,0.357,99.718,435493,4
Ek Ho Gaye Hum Aur Tum - Bombay / Soundtrack Version,2,Bombay,6oRFw7tkc38QToqfoF7jVR,0.804,0.649,0,-10.564,1,0.106,1.01E-05,0.0319,0.817,95.037,315907,4
"Jeene Laga Hoon (From ""Ramaiya Vastavaiya"")",2,Ramaiya Vastavaiya (Original Motion Picture Soundtrack),11ZEzmgtjJhoMHTWGd5IRY,0.562,0.735,7,-7.924,0,0.0445,0.000204,0.177,0.537,90.057,231673,4
Chikni Chameli,2,Agneepath (Original Motion Picture Soundtrack),1vSXwYeKnzsVvekSpqVabx,0.693,0.956,1,-5.012,0,0.071,0,0.294,0.665,90.005,301587,4
Nagada Sang Dhol,2,Ram-Leela (Original Motion Picture Soundtrack),4ila6GeGBPGmJTGRoHOV5E,0.73,0.944,3,-3.48,0,0.164,0.00443,0.0354,0.657,113.309,273319,3
Uff Teri Adaa,2,Karthik Calling Karthik,0og9wKFGgFFNQnrBe7eisG,0.647,0.792,2,-9.815,1,0.0373,5.82E-05,0.054,0.306,132.032,304089,4
Dil Chahta Hai,2,Dil Chahta Hai,2r1CHpKRDdzHGJScn5UqjX,0.813,0.554,10,-9.105,1,0.04,1.23E-06,0.0629,0.782,103.953,310080,4
"Yun Hi Chala Chal (From ""Swades"")",2,Best Of Kailash Kher,2Q4PfYBPwVBONmzqrtBHFr,0.822,0.687,9,-8.167,1,0.0421,0,0.0609,0.816,106.47,446987,4
Socha Hai,2,Rock On,7IjnfuMNfdrAXbefurdIIR,0.593,0.773,2,-5.591,1,0.0339,0,0.117,0.561,133.975,246132,4
Nazrein Milaana Nazrein Churaana,2,Love Dose: Benny Dayal,6vGS2j6ou5AWu7wJYMQwuM,0.751,0.54,9,-7.942,1,0.0753,0.000224,0.102,0.9,110.015,234858,4
Khuda Jaane,2,Bachna Ae Haseeno,0gPgdRfB4jdGrlyXS0Vx78,0.382,0.632,8,-6.393,1,0.0411,0.000486,0.0922,0.716,78.936,333584,4
Badtameez Dil,2,Yeh Jawaani Hai Deewani,4eu27jAU2bbnyHUC3G75U8,0.806,0.932,2,-2.228,0,0.0684,0,0.216,0.792,106.021,252760,4
Dilliwaali Girlfriend,2,Yeh Jawaani Hai Deewani,3W1XPf7mvuQcWQB7U7MbTM,0.687,0.941,6,-5.23,0,0.0583,2.93E-06,0.0697,0.909,138.048,260552,4
Sooraj Ki Baahon Mein,2,Zindagi Na Milegi Dobara,723xQva0yBF7M6K3nDAG8R,0.855,0.553,11,-6.52,1,0.0331,5.19E-06,0.0942,0.874,124.922,202919,4
Char Baj Gaye - Party Abhi Baaki Hai,2,F.A.L.T.U (Original Motion Picture Soundtrack),1eFH9kh7L63Zb8FDqjbwZJ,0.95,0.694,10,-7.089,0,0.0516,1.93E-06,0.137,0.961,119.972,213880,4
"Tum Hi Ho Bandhu (From ""Cocktail"")",2,Cocktail,2zZTXtLqCsICzEcztKjn47,0.714,0.892,11,-5.342,0,0.0516,0.000817,0.0462,0.899,134.997,282012,4
Kar Gayi Chull,2,The Badshah of Party Hits,3fPgIknlkDWXs1l2noKZbp,0.827,0.737,11,-5.473,0,0.0764,0.000322,0.211,0.873,121.99,187711,4
Abhi Toh Party Shuru Hui Hai,2,Khoobsurat,0rUN8ascPVT9iiLzC5ocPw,0.806,0.815,3,-5.373,0,0.0599,2.35E-05,0.586,0.678,129.999,179912,4
Pappu Can't Dance,2,Jaane Tu... Ya Jaane Na,7MkhC2h8lDwyEfaKxf48cJ,0.668,0.746,1,-7.592,1,0.0603,0.00031,0.0773,0.485,119.696,264986,4
Slowly Slowly,2,Go Goa Gone (Original Motion Picture Soundtrack),2Z5IsY5dxdYZArJ1aYbaHZ,0.578,0.729,1,-9.814,1,0.0374,0.251,0.124,0.729,159.984,197960,4
"Ghungroo (From ""War"")",2,"Ghungroo (From ""War"")",0WdbnNKO0Jt4BZACSDQh44,0.695,0.727,6,-6.274,0,0.0323,0.000175,0.533,0.864,118.034,302935,4
Dil Hi Toh Hai,2,"Dil Hi Toh Hai (From ""The Sky Is Pink"")",0hpP2fBridGH2Bq6qmg9LM,0.482,0.694,0,-5.368,1,0.042,0,0.11,0.573,90.196,280496,4
Nashe Si Chadh Gayi,2,Befikre,0biC4TAblvLTLtJz4pXO,0.799,0.784,4,-5.207,0,0.0519,2.84E-06,0.227,0.26,96.953,237876,4
"Hungama Ho Gaya (From ""Queen"")",2,"Hungama Ho Gaya (From ""Queen"") - Single",4ZiH6RyMrw2vlgD6vrvzBd,0.624,0.847,8,-7.246,0,0.0455,0.202,0.284,0.507,138.059,271586,4
Naina Da Kya Kasoor,2,Andhadhun,4JQxGJ8jsKW8pOUVoAgOZr,0.845,0.659,9,-6.348,1,0.0373,0.0129,0.0782,0.547,125.965,210952,4
"Jai Jai Shivshankar (From ""War"")",2,"Jai Jai Shivshankar (From ""War"")",6lfSsCL894Qw15xbt7cSUy,0.825,0.904,5,-5.414,0,0.0787,1.21E-05,0.0715,0.528,129.036,230558,4
"Tum Hi Ho Bandhu (From ""Cocktail"")",2,Cocktail,2zZTXtLqCsICzEcztKjn47,0.714,0.892,11,-5.342,0,0.0516,0.000817,0.0462,0.899,134.997,282012,4
"Kudi Nu Nachne De (From ""Angrezi Medium"")",2,"Kudi Nu Nachne De (From ""Angrezi Medium"")",4YIhJmihoXwjtbY4vsV9Nh,0.834,0.688,9,-7.494,1,0.0653,0,0.174,0.876,117.949,172382,4
Koi Kahe Kehta Rahe,2,Dil Chahta Hai,5zKRKQwLVBT1WDJE7XJrnm,0.749,0.734,1,-7.058,1,0.0594,6.48E-06,0.108,0.652,131.975,346200,4
Dhoom Machale,2,Dhoom,2cYVtBHkrkk7F2qU2Y7Fn0,0.778,0.918,11,-5.023,0,0.12,0.000319,0.348,0.487,101.44,375118,4
Badri Ki Dulhania (Title Track),2,Badrinath Ki Dulhania,2xbvLQBFW7E9232BwMBljb,0.759,0.952,2,-2.837,1,0.123,0,0.0693,0.812,128.039,206859,4
Sweety Tera Drama,2,Bareilly Ki Barfi,5aXsYlFhJIOHCvxnna7jdP,0.769,0.852,5,-3.107,1,0.154,0,0.261,0.963,129.982,146983,4
Main Tera Boyfriend,2,Raabta,3InIAYQyi22mfV4g1T9Jkc,0.841,0.914,11,-3.917,0,0.0613,0,0.115,0.651,104.014,276153,4
Swag Se Swagat,2,Tiger Zinda Hai,2AjGLmuZK1fu21n1IpB9RU,0.825,0.559,1,-7.907,1,0.0722,0.000689,0.205,0.207,105.957,235944,4
Chandigarh Mein,2,"Chandigarh Mein (From ""Good Newwz"")",3Eb4VbsbXMpS5Mk9HWTDia,0.809,0.873,6,-2.455,0,0.0556,9.07E-06,0.0732,0.34,100.013,205200,4
Makhna,2,"Makhna (From ""Drive"")",0ZHILXmUaVSLEOCWxPQ1ga,0.696,0.704,1,-7.876,1,0.0423,0,0.155,0.426,124.972,183000,4
Chahun Main Ya Naa,2,Aashiqui 2,6UgcN95w7vQxkR8sEFmwHG,0.645,0.517,9,-6.708,0,0.0273,3.27E-06,0.0905,0.259,106.906,304900,4
Ghanan Ghanan,2,Lagaan (Original Motion Picture Soundtrack),6B3Fr3kIWOOde0dFZPNDFp,0.607,0.562,4,-9.388,0,0.33,0,0.101,0.41,171.804,371400,4
Ik Junoon (Paint It Red),2,Zindagi Na Milegi Dobara,7e6qTHVfRdaYsio90s1fHC,0.79,0.848,2,-7.798,1,0.0508,0.00147,0.148,0.641,127.034,299119,4
Aapka Kya Hoga (Dhanno),2,Housefull,5ogIZnw2wGLe4i69uqmESi,0.801,0.922,1,-6.562,1,0.114,0.000627,0.349,0.788,110.042,307363,4
Naagin,2,Naagin,7gAyu0od48mkaCw1laPKVC,0.807,0.5,9,-10.361,1,0.0581,8.73E-06,0.0967,0.243,97.09,157000,4
Mauja Hi Mauja,2,Jab We Met,2iXVckhPy7tP0wV9DvlrjZ,0.738,0.873,2,-5.659,1,0.107,0.0294,0.225,0.484,104.982,245100,4
Kya Karoon?,2,Wake Up Sid (Original Motion Picture Soundtrack),4Yp8zw7b35bheMVTp39o5O,0.594,0.548,9,-7.588,0,0.0267,0.00146,0.117,0.374,98.014,236160,4
Genda Phool,2,Delhi 6 (Original Motion Picture Soundtrack),2CPV1J9S3EooMBWbMvok98,0.733,0.358,10,-11.058,0,0.0946,5.46E-05,0.131,0.564,193.897,170411,4
Desi Girl,2,Dostana (Original Motion Picture Soundtrack),3Qpk2qHree1RTH5lZaKnEK,0.746,0.924,8,-6.057,1,0.0442,0.00279,0.097,0.807,136.051,306987,4
"Aankh Marey (From ""Simmba"")",3,"Aankh Marey (From ""Simmba"")",63MvWd6T6yoS7h4AJ4Hjrm,0.796,0.978,5,-1.266,0,0.0955,0.00254,0.346,0.8,129.999,212741,4
"Ghungroo (From ""War"")",3,"Ghungroo (From ""War"")",0WdbnNKO0Jt4BZACSDQh44,0.695,0.727,6,-6.274,0,0.0323,0.000175,0.533,0.864,118.034,302935,4
"Illegal Weapon 2.0 (From ""Street Dancer 3D"")",3,"Illegal Weapon 2.0 (From ""Street Dancer 3D"")",5fXslGZPI5Cco6PKHzlSL3,0.805,0.919,1,-1.294,1,0.0938,0.00343,0.0598,0.494,94.993,188606,4
"Muqabla (From ""Street Dancer 3D"")",3,"Muqabla (From ""Street Dancer 3D"")",28veUNu4veN0LOBVa0nFw8,0.804,0.913,0,-3.135,1,0.0933,2.84E-05,0.391,0.544,119.993,176125,4
Subha Hone Na De,3,Desi Boyz,6WediUhXDfm8FR3wlM0r3G,0.727,0.9,8,-4.529,1,0.0452,0.0464,0.154,0.505,131.97,288696,4
Sooraj Dooba Hain,3,Roy,48pyUxg9RYuwie5M9R7qRn,0.616,0.75,2,-4.629,1,0.0594,0,0.137,0.434,128.051,264854,4
"Coca Cola (From ""Luka Chuppi"")",3,"Coca Cola (From ""Luka Chuppi"")",352wEkChkiClswqwDoM0nj,0.722,0.867,0,-3.652,0,0.0904,0.0052,0.123,0.893,102.009,179225,4
Hookah Bar,3,Khiladi 786,4AoQVhME8Ko6LNm4lV2wwQ,0.73,0.656,11,-5.07,1,0.0294,0.00271,0.108,0.743,131.04,254351,4
The Jawaani Song,3,Student of the Year 2,3IzQc4KEAFd8lIc90X7FZr,0.71,0.801,7,-4.845,1,0.0896,0,0.0744,0.845,145.102,253161,4
Bang Bang,3,Bang Bang (Original Motion Picture Soundtrack),5R7HpWXej6SiCrd9YJsC5g,0.703,0.678,4,-8.644,0,0.0417,7.02E-05,0.496,0.694,120.051,320000,4
Dil Chori,3,Sonu Ke Titu Ki Sweety,6zojSFiUNySBy3Kd1JVCXb,0.765,0.89,5,-4.608,0,0.0824,0,0.0423,0.918,99.961,226696,4
Mehbooba,3,Fukrey Returns,7iJwXhzlwfhsPxHCwqyCX1,0.716,0.676,7,-4.762,1,0.0618,0.00234,0.289,0.402,98.01,179278,4
"Ankhiyon Se Goli Mare (From ""Pati Patni Aur Woh"")",3,"Ankhiyon Se Goli Mare (From ""Pati Patni Aur Woh"")",16NMvEYAus3qS1czInNNZl,0.818,0.972,2,-3.276,1,0.0802,3.72E-06,0.875,0.668,110.036,206913,4
Chittiyaan Kalaiyaan,3,Roy,6XjJXPP3UiGtAQpYkD01c0,0.793,0.887,7,-5.285,1,0.0954,6.39E-05,0.623,0.602,100.007,246100,4
Vele,3,Student of the Year (Original Motion Picture Soundtrack),31phvnfUfwzi0nf3dO814j,0.833,0.754,2,-7.555,1,0.0513,0,0.246,0.65,108.001,230547,4
The Humma Song,3,OK Jaanu (Original Motion Picture Soundtrack),7heMX7gyHP0mhTlNgd7Lxd,0.721,0.65,0,-6.95,0,0.136,0.000137,0.34,0.391,130.491,179658,5
"Psycho Saiyaan (From ""Saaho"")",3,"Psycho Saiyaan (From ""Saaho"")",3ZjMdVOWxQ53FKrmkgCv95,0.785,0.722,10,-2.604,0,0.158,4.24E-06,0.452,0.848,189.857,166461,4
Drama Queen,3,Hasee Toh Phasee (Original Motion Picture Soundtrack),7xxxQG1BupSnOBo4qId9kl,0.705,0.913,7,-6.709,1,0.0788,0,0.329,0.955,145.948,198747,4
Jigar Da Tukda,3,Ladies Vs Ricky Bahl,73s6UhNKUFlAxB0Rd0J66W,0.742,0.943,4,-3.726,0,0.0421,0.000374,0.0188,0.881,130.02,254511,4
First Class,3,Kalank,7s0qlp1ibUxVXLsOM0YWia,0.534,0.959,1,-3.67,0,0.361,0,0.354,0.751,187.576,276960,3
Laila Main Laila,3,Raees,6HQbaD0RomfUPO4KK866oI,0.623,0.924,4,-4.481,0,0.142,2.73E-06,0.557,0.506,135.968,306582,4
"Ankhiyon Se Goli Mare Returns (From ""Pati Patni Aur Woh"")",3,"Ankhiyon Se Goli Mare Returns (From ""Pati Patni Aur Woh"")",05RjRBgVRLQ9hx5go5AQVQ,0.751,0.975,2,-3.024,1,0.0941,2.20E-06,0.204,0.818,104.018,219491,4
Dil Dhadakne Do,3,Dil Dhadakne Do,3MzNYNwL7I4dhG4sa1VkK1,0.683,0.881,10,-3.943,0,0.0858,0,0.114,0.792,159.942,228375,4
Gal Mitthi Mitthi,3,Aisha (Original Motion Picture Soundtrack),4J9n7thOdqi8gxRGNyQoVC,0.906,0.699,0,-5.526,1,0.0462,0.0165,0.178,0.938,129.946,255907,4
"Lagdi Lahore Di (From ""Street Dancer 3D"")",3,"Lagdi Lahore Di (From ""Street Dancer 3D"")",5I2wbDvSI98HLVB42YO9sU,0.786,0.797,6,-4.063,1,0.0414,0,0.0861,0.453,95.014,215368,4
"Tere Naal Nachna (From ""Nawabzaade"")",3,"Tere Naal Nachna (From ""Nawabzaade"")",5DIt4eq2D6CZjX1s5jwrnP,0.912,0.677,0,-4.212,1,0.0713,0,0.0939,0.94,115.061,166615,4
The Jawaani Song,3,The Jawaani Song (Student of the Year 2),5beP0jhGEjYjd485eBczvZ,0.715,0.799,7,-4.897,1,0.0794,0,0.0651,0.851,145.021,253000,4
"BurjKhalifa (From ""Laxmii"")",3,"BurjKhalifa (From ""Laxmii"")",3ZVKI8jix6PjEFx2xFBFhz,0.759,0.899,10,-3.566,0,0.186,0,0.104,0.589,106.968,187570,4
Sawan Mein Lag Gayi Aag,3,Ginny Weds Sunny (Original Motion Picture Soundtrack),6oloWgrErtc8dG2WiV55gn,0.792,0.813,0,-3.687,1,0.0513,2.29E-05,0.0541,0.868,130.058,226615,4
"Lat Lag Gayee (From ""Race 2"")",3,Race 2 (Original Motion Picture Soundtrack),6zas5AyeeXy2MwaG8Wtoxa,0.79,0.892,10,-4.038,0,0.0404,1.24E-06,0.206,0.896,131.994,280369,4
Chand Sifarish,3,Fanaa,5EYZZvmNAH5VZCwuzYJqoA,0.829,0.665,2,-8.128,1,0.0868,1.75E-05,0.123,0.861,122.043,275931,4
Kiya Kiya,3,Welcome,0YCPCY9WhQFMFtoSpj6dhL,0.703,0.867,11,-6.721,1,0.0334,2.55E-06,0.0675,0.904,120.013,302211,4
Uff Teri Adaa,3,Karthik Calling Karthik,0og9wKFGgFFNQnrBe7eisG,0.647,0.792,2,-9.815,1,0.0373,5.82E-05,0.054,0.306,132.032,304089,4
Chak De India,3,Chak De India,6D3vmtskO4RbZP3bBIDY3X,0.755,0.894,4,-8.544,0,0.0993,1.55E-05,0.141,0.799,104.985,283951,4
Zara Sa,3,Jannat (Original Motion Picture Soundtrack),18YHbIhrleUkKKj2DvEp79,0.468,0.91,11,-3.057,0,0.051,0.000304,0.271,0.694,163.842,303680,4
Bol Na Halke Halke,3,Jhoom Barabar Jhoom,0u8wprNfOdcWpUlWnfMcpP,0.637,0.573,11,-6.69,0,0.0491,3.46E-06,0.0617,0.704,90.017,306834,4
Ye Ishq Hai,3,Jab We Met,4BiPsAV070dg3eLSVf727A,0.823,0.638,5,-7.126,0,0.159,2.09E-06,0.255,0.882,118.045,280974,4
Falak Tak,3,Tashan,0IudGhdeJZwJ0Ps6ndtQDt,0.718,0.697,2,-6.474,0,0.135,1.53E-05,0.0563,0.62,143.907,356180,4
"Mar Jayian Romantic (From ""Vicky Donor"")",3,Vicky Donor,1USjF5fmbVCHngHrcoWdfK,0.632,0.721,0,-7.616,0,0.0345,1.02E-05,0.102,0.808,145.938,288960,4
Where's the Party Tonight,3,Kabhi Alvida Naa Kehna (Original Motion Picture Soundtrack),6ECucSdJeJmSm3k1k3Vumv,0.764,0.863,2,-5.414,0,0.0416,0,0.27,0.92,132.021,378160,4
Afghan Jalebi (Film Version),3,Phantom (Original Motion Picture Soundtrack),3UHZac2vueKyCYx3hLCNtn,0.614,0.892,0,-3.205,1,0.488,0,0.0716,0.97,117.995,224550,4
Hey Ya !,3,Karthik Calling Karthik,1qTh7hzjd361hjuzeaMFWK,0.799,0.588,7,-9.136,0,0.0302,2.68E-05,0.0788,0.789,115.087,254990,4
Bin Tere,3,I Hate Luv Storys (Original Motion Picture Soundtrack),3bZPdEskcnMdepwCaDSJRl,0.585,0.698,9,-6.261,1,0.0392,3.59E-06,0.363,0.621,139.831,330360,4
Main Dhoondne Ko Zamaane Mein,3,Heartless,75p6BrziB5urmwPCeXl3y7,0.329,0.45,2,-6.312,0,0.0405,0,0.13,0.284,80.095,262987,4
Main Agar Kahoon,3,Om Shanti Om,0iXLwnLmLwn9y54JtBTNxY,0.533,0.436,5,-7.521,0,0.0276,3.17E-06,0.46,0.371,146.868,308158,3
Yeh Haseen Vadiyan Yeh Khula Aasman,3,Roja (Original Motion Picture Soundtrack),6NmGIj2leVHRKkHEGyechJ,0.64,0.295,5,-16.357,1,0.0397,2.05E-06,0.0804,0.107,121.903,320013,4
Khuda Jaane,3,Bachna Ae Haseeno,0gPgdRfB4jdGrlyXS0Vx78,0.382,0.632,8,-6.393,1,0.0411,0.000486,0.0922,0.716,78.936,333584,4
Ilahi,3,Yeh Jawaani Hai Deewani,5cgKosPPj5Cs9a2JQufUc1,0.593,0.967,9,-5.767,1,0.0907,2.54E-05,0.105,0.452,131.988,228982,4
Tu Meri,3,Bang Bang (Original Motion Picture Soundtrack),39TJkE0AEkfWii8VB3JqSV,0.679,0.688,8,-5.522,1,0.0293,0,0.704,0.424,127.951,257089,4
Ambarsariya,3,Fukrey,4qRcjFkFqSpLBzcbLDt7HL,0.649,0.458,4,-7.632,0,0.0446,0,0.113,0.748,180.071,248182,4
Balam Pichkari,3,Yeh Jawaani Hai Deewani,18e3XXYCv4Tx8uUl1mP3CN,0.732,0.944,0,-4.115,1,0.09,0,0.401,0.957,120.02,288903,4
Party All Night,3,Boss,0fGImK9uWSruIRhKGyjUC0,0.854,0.738,6,-5.388,0,0.231,0,0.298,0.804,129.989,282793,4
Patakha Guddi,3,Highway,7jpmNt5iCtSdXuT1xEGp8O,0.814,0.791,11,-5.057,1,0.0934,0,0.124,0.902,130.941,285186,4
Tum Tak,3,Tum Tak,1rKxy2mMxzRfj7xLUhGPga,0.704,0.626,2,-9.309,1,0.0556,0,0.0739,0.514,114.997,305760,4
"Piyu Bole (From ""Parineeta"")",3,Aapke Pyaar Mein (Love Songs),4ODYKRlvf1a346wm6fPAh4,0.667,0.341,1,-11.183,1,0.0254,0,0.119,0.6,97.5,267840,3
Soniyo,3,RAAZ - The Mystery Continues (Original Motion Picture Soundtrack),4J5OpeZUR2msDPfMsIeGSU,0.637,0.591,9,-6.117,1,0.0342,3.29E-06,0.135,0.48,119.956,328440,4
Banke Tera Jogi,3,Phir Bhi Dil Hai Hindustani (Original Motion Picture Soundtrack),4a3AzCVuHiiXN6PmxpNegB,0.765,0.831,1,-6.792,1,0.109,0,0.0649,0.837,99.146,283760,4
You Are My Soniya,3,Kabhi Khushi Kabhie Gham (Original Motion Picture Soundtrack),6SDH3mp9sQCNJDfDDpQTTo,0.853,0.785,8,-6.08,1,0.0619,0,0.0589,0.786,106.046,343613,4
Shukran Allah,3,Kurbaan (Original Motion Picture Soundtrack),3nKEiJUeaWn8q2O9I1xwlB,0.432,0.695,1,-8.022,1,0.111,0.0014,0.274,0.513,116.153,290053,3
Bole Chudiyan,3,Kabhi Khushi Kabhie Gham (Original Motion Picture Soundtrack),1uzkWkIaWaxzHJgJ4Fy5rO,0.59,0.875,5,-5.294,1,0.171,1.18E-05,0.164,0.736,96.915,408133,4
"Hai Rama (From ""Rangeela"")",3,Rangeela (Original Motion Picture Soundtrack),0UzXcfSMfxm6O4LKjgUqAh,0.479,0.395,6,-11.017,1,0.0934,0,0.0943,0.466,84.637,407000,5
Jiya Jale,3,Dil Se,2UqqeCF3Ad4rjeXNGEEaQn,0.775,0.506,9,-12.64,1,0.119,8.97E-05,0.107,0.54,141.994,307573,4
Dil Se Re,3,Dil Se,2AJn5MQ03C3v0EN5ynGaKY,0.84,0.473,9,-15.038,1,0.0733,1.77E-05,0.0897,0.427,105.986,405293,4
"Ishq Bina (From ""Taal"")",3,Taal (Original Motion Picture Soundtrack),5JWpN1YtsTFVzv5cjTAvNr,0.657,0.357,7,-16.269,1,0.0606,3.05E-06,0.0621,0.507,87.961,460498,4
"Nahin Saamne Tu (From ""Taal"")",3,Taal (Original Motion Picture Soundtrack),0ZE5bNxkKHxmtGBMduynR9,0.456,0.247,7,-17.85,1,0.0332,0.000389,0.0724,0.0877,175.813,358946,4
Taal Se Taal - Western Version,3,Taal (Original Motion Picture Soundtrack),2LdsYkhSEEB6c801buHxlE,0.776,0.749,7,-11.648,1,0.0711,0.000546,0.288,0.487,95.014,149849,4
Ishq Bina Ishq Bina,3,Taal (Original Motion Picture Soundtrack),312bbX6JaU6xykDhPxo4pT,0.717,0.357,6,-15.507,1,0.0417,0.00342,0.593,0.12,99.982,488909,4
Mitwa,3,Lagaan (Original Motion Picture Soundtrack),4en5tvZ1hIvSGGoRPjIdJE,0.627,0.408,2,-7.793,1,0.0988,0,0.126,0.694,172.006,407800,4
O Rey Chhori,3,Lagaan (Original Motion Picture Soundtrack),1HIrOjfpGrONXgylYv9UTk,0.475,0.398,9,-10.785,1,0.0502,0,0.0913,0.347,87.518,359053,4
Chale Chalo,3,Lagaan (Original Motion Picture Soundtrack),0OJzFLposMXdRHIHiWq28a,0.756,0.41,6,-11.285,1,0.0874,0,0.1,0.519,95.011,400440,4
Ik Onkar,3,Rang De Basanti (Original Motion Picture Soundtrack),4Ko5KYEiZ0rrFiBJKmvMQc,0.399,0.218,2,-12.295,1,0.0384,0,0.108,0.15,85.863,88373,4
Khalbali,3,Rang De Basanti (Original Motion Picture Soundtrack),6sXzqMagXtWvSOI9nNc4UD,0.789,0.707,7,-7.973,1,0.109,0,0.177,0.605,97.015,379227,4
Paathshala - Be a Rebel,3,Rang De Basanti (Original Motion Picture Soundtrack),3kV6PBD2l4UY9Lgnir65PI,0.831,0.65,7,-9.584,1,0.0978,0.12,0.362,0.96,146.935,189253,4
Roobaroo,3,Rang De Basanti (Original Motion Picture Soundtrack),3vqJY3pVELLIxqXXyI08yr,0.675,0.582,9,-8.891,1,0.0277,5.56E-06,0.0854,0.538,120.991,282973,4
Barso Re,3,Guru (Original Motion Picture Soundtrack),32DWojMZeZebVrfBkhAkKy,0.879,0.487,0,-9.441,1,0.148,0.000284,0.0706,0.338,116.991,329600,4
Ringa Ringa,3,Slumdog Millionaire - Music From The Motion Picture,7xdgOUJ5vx0PBNW8p0lKTg,0.796,0.846,7,-6.444,1,0.0651,1.42E-06,0.0954,0.891,97.395,255467,4
Yeh Haseen Vadiyan Yeh Khula Aasman,3,Roja (Original Motion Picture Soundtrack),6NmGIj2leVHRKkHEGyechJ,0.64,0.295,5,-16.357,1,0.0397,2.05E-06,0.0804,0.107,121.903,320013,4
Bharat Humko Jaan Se Pyara Hai,3,Roja (Original Motion Picture Soundtrack),6H6BgDPTlfRpTQZNckbjlk,0.516,0.235,0,-13.215,1,0.0331,0,0.0654,0.337,84.152,191947,4
Agar Tum Saath Ho,3,Tamasha (Original Motion Picture Soundtrack),70W29IwaPMRo86tCan6tqI,0.558,0.521,3,-8.798,1,0.0333,0.000212,0.189,0.409,122.925,341185,4
Safarnama,3,Tamasha (Original Motion Picture Soundtrack),277JZ0pkX8gvlT50gkHEL0,0.543,0.503,9,-10.252,1,0.0287,0.000827,0.173,0.238,119.954,251533,4
Patakha Guddi (Female Version),3,Highway (Original Motion Picture Soundtrack),2IXR8yRE9w737GBCIODuCW,0.815,0.793,11,-5.069,1,0.0903,0,0.127,0.883,130.943,285206,4
Maahi Ve,3,Highway (Original Motion Picture Soundtrack),0FJXPH6KGfTbAgJ9GoK3Uc,0.596,0.729,5,-7.078,1,0.0674,9.85E-06,0.115,0.514,131.013,240928,4
Phir Se Ud Chala,3,Rockstar,5qqWqEPH4uIakYnMAVd3So,0.656,0.65,11,-8.62,1,0.0373,8.40E-05,0.351,0.466,119.955,270865,4
Katiya Karun,3,Rockstar,4iGplDCO4A6z734tkU9xRr,0.645,0.705,2,-8.342,1,0.072,5.25E-06,0.0564,0.92,176.04,240014,4
Sheher Mein,3,Rockstar,3V254RN5gzUwq3egiduDpa,0.781,0.648,11,-9.158,0,0.403,4.41E-06,0.0656,0.828,90.969,243750,4
Haawa Haawa,3,Rockstar,29q7EuBNaEvx4Y7PgbapZh,0.738,0.702,4,-7.107,0,0.044,9.94E-05,0.101,0.853,145.013,341892,4
Kehna Hi Kya - Bombay / Soundtrack Version,3,Bombay,5j5vCuBjS1sFWywWUnkJqV,0.693,0.268,9,-15.606,0,0.0774,0,0.0658,0.587,127.056,353893,4
Chanda Re Chanda Re,3,Sapnay (Original Motion Picture Soundtrack),607hpLhAvR8cWMieN1GjS0,0.615,0.288,1,-13.494,1,0.0367,0,0.236,0.439,90.976,357200,4
Muqabala Muqabala,3,Hum Se Hai Muqabala - Kadalan (Original Motion Picture Soundtrack),0iG83qZ0ftWr43VggRYkp3,0.87,0.563,0,-11.493,1,0.124,0.000232,0.0895,0.537,119.782,328893,4
Tum Ho,3,Rockstar,7uNnlVit5qDvfOje0pqICF,0.356,0.47,5,-8.929,1,0.0278,1.00E-05,0.0807,0.167,93.895,316500,4
Yeh Jo Des Hai Tera,3,Swades,65fbHxPPnRGPXaGN3PtpXd,0.64,0.357,1,-10.582,1,0.0321,1.37E-05,0.127,0.148,124.518,388107,4
Saathiya,3,Saathiya,78KKYDENYsw6jYfuEZsqJl,0.462,0.457,1,-15.251,0,0.106,0,0.334,0.535,175.94,357433,4
Radha,3,Student of the Year (Original Motion Picture Soundtrack),6f7zyAEUCZuvX4Zty62Z5o,0.804,0.748,1,-14.163,0,0.0616,0,0.0998,0.699,131.989,341360,4
Barso Re,3,Guru (Original Motion Picture Soundtrack),32DWojMZeZebVrfBkhAkKy,0.879,0.487,0,-9.441,1,0.148,0.000284,0.0706,0.338,116.991,329600,4
"Piya O Re Piya (From ""Tere Naal Love Ho Gaya"")",3,Atif Rocks,4fLK20j2ZZZ9mRkLBm664x,0.439,0.574,2,-6.394,1,0.0846,0,0.094,0.31,167.832,292747,4
"Pinga (From ""Bajirao Mastani"")",3,Bajirao Mastani (Original Motion Picture Soundtrack),40L4hEqXt6myCk6VcB9bDq,0.644,0.84,9,-3.753,1,0.172,0,0.246,0.818,95.11,255169,4
Saibo,3,Shor in the City (Original Motion Picture Soundtrack),6udC4b4jOSnHb9ItnXgKLR,0.619,0.429,2,-7.867,1,0.028,1.35E-05,0.136,0.545,90.058,195253,4
Bahara,3,I Hate Luv Storys (Original Motion Picture Soundtrack),1gwO79MdYdumgIjxq8eCxB,0.595,0.739,5,-6.733,1,0.0359,6.98E-06,0.134,0.722,87.834,325707,4
Song: Dola Re,3,"Devdas - An Adaptation Of Sarat Chandra Chattopadhyay's ""Devdas""",1UV1ej70vDBIdPUEJ40ZG1,0.65,0.912,4,-5.898,0,0.186,0,0.38,0.546,130.906,303387,4
"Mohe Rang Do Laal (From ""Bajirao Mastani"")",3,Bajirao Mastani (Original Motion Picture Soundtrack),6qKlMV1t8Dq2ndco8gR7KL,0.614,0.84,0,-3.291,1,0.0496,0,0.0531,0.497,131.76,231838,3
"Chupke Se (From ""Saathiya"")",3,Flavours Of Romance-Valentine's Day Vol. 1,1VtevJN3gUKF0S5cHEV7wM,0.739,0.35,5,-14.784,0,0.04,0,0.0683,0.456,103.988,364408,4
In Dino,3,Life In A Metro (Original Motion Picture Soundtrack),6YycppSAeGtSvwmu8qCcr2,0.41,0.633,0,-6.989,1,0.0378,0,0.116,0.344,101.461,397027,4
Alvida,3,Life In A Metro (Original Motion Picture Soundtrack),7EjatvVN2Y2GjpvKSyWJR4,0.287,0.655,2,-5.566,1,0.0372,7.51E-06,0.11,0.239,84.015,338587,4
O Meri Jaan,3,Life In A Metro (Original Motion Picture Soundtrack),6qMB7GsJd7L8sqEvQGWQl6,0.53,0.796,7,-6.548,1,0.0314,2.87E-05,0.157,0.547,150.009,305600,4
Falak Tak,3,Tashan,0IudGhdeJZwJ0Ps6ndtQDt,0.718,0.697,2,-6.474,0,0.135,1.53E-05,0.0563,0.62,143.907,356180,4
Koi Kahe Kehta Rahe,3,Dil Chahta Hai,5zKRKQwLVBT1WDJE7XJrnm,0.749,0.734,1,-7.058,1,0.0594,6.48E-06,0.108,0.652,131.975,346200,4
Mere Bina,3,Crook (Original Motion Picture Soundtrack),4rSmmC6OYmjVOYxr8ruVWN,0.511,0.767,2,-5.699,1,0.0524,0,0.153,0.463,79.923,289560,4
Tujhko Jo Paaya,3,Crook (Original Motion Picture Soundtrack),62kyw2ux2p0CZ7pKWtM6QO,0.598,0.236,9,-9.733,1,0.0363,0,0.109,0.413,149.839,184827,4
Tere Bina,3,Guru (Original Motion Picture Soundtrack),4FeczSomVWVyU4FW7xDeAI,0.744,0.7,2,-7.663,1,0.0375,0.000155,0.068,0.867,144.033,309640,4
Gal Mitthi Mitthi,3,Aisha (Original Motion Picture Soundtrack),4J9n7thOdqi8gxRGNyQoVC,0.906,0.699,0,-5.526,1,0.0462,0.0165,0.178,0.938,129.946,255907,4
Sajdaa,3,My Name Is Khan (Original Motion Picture Soundtrack),5upmbnXemLfPvs3d2eyHml,0.468,0.737,8,-7.274,1,0.0765,0.00272,0.0655,0.572,79.448,365707,4
Pyaar Ke Pal,3,Pal,6GWchpKWsKkwR6jcl0yG6V,0.599,0.135,4,-12.376,1,0.0308,2.43E-05,0.11,0.168,122.107,359373,3
"Chor Bazari (From ""Love Aaj Kal "")",3,Love Aaj Kal,6XE0MxTJdLWEePTCqAw5xr,0.824,0.757,11,-5.047,1,0.0743,0.000111,0.146,0.97,100.027,257440,4
Bahara,3,I Hate Luv Storys (Original Motion Picture Soundtrack),1gwO79MdYdumgIjxq8eCxB,0.595,0.739,5,-6.733,1,0.0359,6.98E-06,0.134,0.722,87.834,325707,4
Aao Milo Chalo,3,Jab We Met,6ocOeSjnWPcSTaSsi0zIdY,0.504,0.787,7,-5.948,0,0.0605,0,0.323,0.49,114.772,325934,4
Tum Mile,3,Tum Mile (Original Motion Picture Soundtrack),1EjxJHY9A6LMOlvyZdwDly,0.738,0.798,0,-6.663,1,0.0334,5.15E-06,0.31,0.793,123.01,343787,4
Dil Dhadakne Do,3,Zindagi Na Milegi Dobara,46elU7IBKWf55D5sjHGqO7,0.778,0.599,2,-4.758,1,0.032,0,0.59,0.949,116.951,230319,4
"Twist (From ""Love Aaj Kal"")",3,Love Aaj Kal,2W94YEMyahGhIrsjx35dVQ,0.721,0.944,7,-4.995,1,0.142,5.86E-05,0.0747,0.728,109.014,299440,4
Zara Sa,3,Jannat (Original Motion Picture Soundtrack),18YHbIhrleUkKKj2DvEp79,0.468,0.91,11,-3.057,0,0.051,0.000304,0.271,0.694,163.842,303680,4
"Aaj Kal Zindagi (From ""Wake Up Sid "")",3,Best of SEL,3uhMb1xevkSqoU8re2lVOQ,0.639,0.617,4,-8.897,1,0.0329,0.00558,0.099,0.405,134.95,254507,4
"Iktara (From ""Wake Up Sid"")",3,Perfect 10: Love Story,0qxTDueomxqHEUPwlD9y4S,0.622,0.516,7,-7.514,1,0.0259,0.000652,0.466,0.399,80.013,251773,4
Aye Khuda,3,Paathshaala,1vgVsR5rkXGP4NmUcoroJH,0.656,0.762,9,-6.328,1,0.0315,0,0.139,0.558,110.002,280497,4
Pal Pal Har Pal,3,Lage Raho Munna Bhai,6TMfIoPi0DdkxRxpARTnUv,0.639,0.233,4,-12.47,1,0.0345,0,0.151,0.607,136.772,273147,4
Chand Sifarish,3,Fanaa,5EYZZvmNAH5VZCwuzYJqoA,0.829,0.665,2,-8.128,1,0.0868,1.75E-05,0.123,0.861,122.043,275931,4
Balam Pichkari,3,Yeh Jawaani Hai Deewani,18e3XXYCv4Tx8uUl1mP3CN,0.732,0.944,0,-4.115,1,0.09,0,0.401,0.957,120.02,288903,4
Uff Teri Adaa,3,Karthik Calling Karthik,0og9wKFGgFFNQnrBe7eisG,0.647,0.792,2,-9.815,1,0.0373,5.82E-05,0.054,0.306,132.032,304089,4
Dhan Te Nan,3,Kaminey,2BOY77LvMTUOfLcnfFAJGl,0.766,0.809,4,-6.206,1,0.161,0.000166,0.0796,0.803,91.987,279934,4
Laung Da Lashkara,3,Patiala House,5pQODzb8j3xMQ1qvrQXJvo,0.841,0.74,9,-8.432,1,0.13,2.22E-06,0.128,0.626,109.033,304467,4
Senorita,3,Zindagi Na Milegi Dobara,3TAhWtQnpoL5Vl9VQPl9fU,0.701,0.681,9,-6.442,1,0.0466,0,0.064,0.81,122.539,229576,4
Subha Hone Na De,3,Desi Boyz,6WediUhXDfm8FR3wlM0r3G,0.727,0.9,8,-4.529,1,0.0452,0.0464,0.154,0.505,131.97,288696,4
The Breakup Song,3,Ae Dil Hai Mushkil (Original Motion Picture Soundtrack) [Deluxe Edition],5FihcmME7NlwW8KbYOaHVH,0.818,0.93,11,-2.982,1,0.247,0,0.658,0.831,113.988,252632,4
"Daaru Desi (From ""Cocktail"")",3,Cocktail,1R7ChEm1x3mGhDWXKnPSXn,0.703,0.786,8,-6.779,0,0.0483,0.000712,0.101,0.647,93.987,269590,4
Nashe Si Chadh Gayi,3,Best of Arijit Singh,2EKXTA9QxkW6XeQ2uEeIii,0.8,0.779,4,-5.515,0,0.0553,0,0.206,0.266,96.948,238289,4
Hookah Bar,3,Khiladi 786,4AoQVhME8Ko6LNm4lV2wwQ,0.73,0.656,11,-5.07,1,0.0294,0.00271,0.108,0.743,131.04,254351,4
Ainvayi Ainvayi,3,Band Baaja Baaraat,74AqVxZ3oXwJ8olHssBUG3,0.689,0.742,3,-7.571,0,0.0413,0.0046,0.0928,0.876,155.986,267624,4
Dum Dum,3,Band Baaja Baaraat,788Lp6lHrCrxJAZvS2l9YZ,0.748,0.812,0,-7.938,1,0.0471,0.00146,0.114,0.906,99.994,310988,4
Kala Chashma,3,Baar Baar Dekho (Original Motion Picture Soundtrack),5CSEaABQkS1hoLza0IpK2r,0.801,0.856,0,-4.233,1,0.065,6.62E-05,0.228,0.919,106.026,187006,4
Naach Meri Jaan,3,ABCD 2,0LYdvoom8Ri54PyYuLD2Dt,0.745,0.85,9,-5.47,0,0.0492,0.000165,0.196,0.663,128.038,244090,4
Tune Maari Entriyaan,3,Gunday,5kg1GacbhgQfLcbgOBRO9c,0.794,0.865,8,-5.333,1,0.215,1.38E-05,0.0468,0.779,126.658,313365,4
"Tera Yaar Hoon Main (From ""Sonu Ke Titu Ki Sweety"")",3,Arijit Singh Broken Strings,1aIhAX6324JZmhNnGltwkK,0.559,0.541,10,-5.525,1,0.0313,4.66E-06,0.102,0.309,83.978,264806,4
Ve Maahi,3,Kesari,4t1DkxexoMbIHfSHS4Uiyr,0.65,0.551,0,-6.906,1,0.0274,0,0.219,0.294,102.934,223999,4
Soch Na Sake,3,Airlift,6mTvwBzWTGDOVeCNQEqtOE,0.505,0.667,9,-5.797,1,0.0323,0,0.213,0.516,151.728,281323,4
Khairiyat,3,Chhichhore,5O932cZmzOZGOGZz9RHx20,0.534,0.481,0,-9.016,0,0.0412,0,0.142,0.293,124.914,280282,4
"Bekhayali (Arijit Singh Version) [From ""Kabir Singh""]",3,"Bekhayali (Arijit Singh Version) [From ""Kabir Singh""]",6aPMWbbdhDhiJHlknZb9Yx,0.265,0.58,9,-4.767,0,0.0491,0,0.243,0.345,172.121,370444,3
Mast Magan,3,2 States,3uL1IBFhg52VcQqOwAG01E,0.659,0.774,7,-7.014,1,0.0372,0.000333,0.185,0.883,82.995,280161,4
Zaalima,3,Raees,4fgJe7zBjVXvs8HxtE21Y9,0.486,0.898,9,-3.791,1,0.171,0,0.0886,0.648,88.335,299333,4
Teri Meri Kahaani,3,Gabbar Is Back,14eFqoEf1NBm7kh2jWc3TU,0.601,0.802,3,-6.537,0,0.0372,1.45E-06,0.314,0.345,109.989,331444,4
Aaj Se Teri,3,Padman,4ws4fIFJDtQAjNQ53KYVl2,0.708,0.567,9,-5.703,1,0.0338,1.01E-06,0.178,0.862,79.992,312240,4
Ae Watan (Male),3,Raazi,4wNLPh3T8dxrJwC32MzIUd,0.28,0.745,2,-4.523,1,0.0929,0,0.0933,0.186,80.687,223399,3
Enna Sona,3,OK Jaanu (Original Motion Picture Soundtrack),6bdpj89aYEBjhpsenXAsmO,0.717,0.416,7,-9.875,0,0.0303,1.43E-06,0.0976,0.381,100.026,213632,4
Qaafirana,3,Kedarnath,0xkGTPTijMU84dtHr3KQQi,0.417,0.433,4,-8.958,1,0.0415,0,0.123,0.207,169.92,341823,4
Tu Har Lamha,3,Khamoshiyan (Original Motion Picture Soundtrack),2EPOgSRhA90xWGVtNZwEv8,0.311,0.538,2,-4.551,0,0.0263,0,0.113,0.165,137.177,272869,4
"Baatein Ye Kabhi Na (From ""Khamoshiyan"") - Male",3,Musical Bond: Jeet Gannguli & Arijit Singh,6CV2iSJV2W6yAITDxSSes3,0.558,0.506,1,-6.761,0,0.0236,3.05E-06,0.0896,0.358,90.001,289013,4
First Class,3,Kalank,7s0qlp1ibUxVXLsOM0YWia,0.534,0.959,1,-3.67,0,0.361,0,0.354,0.751,187.576,276960,3
"Gerua (From ""Dilwale"")",3,"Gerua (From ""Dilwale"")",6V0cw3ZOtm5oQJrSv4QluQ,0.371,0.668,11,-7.269,0,0.0497,2.00E-06,0.294,0.403,87.458,345559,4
"Teri Khushboo (From ""Mr. X"") - Male",3,Musical Bond: Jeet Gannguli & Arijit Singh,7rPLG94ecZvSFSK2qisDzL,0.63,0.508,7,-7.294,0,0.0238,2.16E-06,0.107,0.421,109.891,342217,4
Tukur Tukur,3,Dilwale (Original Motion Picture Soundtrack),5swv4r5dYNHhsL54jGqmn8,0.8,0.921,1,-3.7,1,0.0846,1.82E-05,0.189,0.826,137.989,247458,4
Labb Par Aaye,3,Bandish Bandits (Original Motion Picture Soundtrack),1H31HxfIHETvrQ02nWpsLO,0.418,0.537,11,-7.769,0,0.0455,0,0.377,0.693,132.749,227553,3
Shiv Tandav Stotram,3,Legends - Top 10,0pA2HBr6nILi7x4xKRZsy9,0.525,0.83,2,-5.23,1,0.044,0,0.2,0.428,149.972,553274,4
Ajab Si,3,Om Shanti Om,5FXMRdJjKq1BIX4e8Eg9mK,0.697,0.438,8,-8.411,1,0.0289,0,0.293,0.58,117.954,241668,4
Saadda Haq,3,Rockstar,7k3jpyYPnVnbO0p7iejWxL,0.554,0.882,6,-5.018,0,0.0488,2.80E-06,0.368,0.627,96.958,362662,4
Chedkhaniyaan,3,Bandish Bandits (Original Motion Picture Soundtrack),30PPEJ1pEhtVnrgVNK5MEw,0.771,0.659,7,-6.1,1,0.0674,0,0.102,0.587,92.008,198261,4
Namo Namo,3,Kedarnath,5QtQFSdyZEl0w4iDxAyv76,0.648,0.711,4,-6.216,1,0.0304,0,0.121,0.33,119.935,322250,4
Pichle Saat Dinon Mein (Album Version),3,Rock On,1QQqHS80CpR8tA2lR8O65y,0.717,0.772,7,-5.852,1,0.0522,1.05E-06,0.134,0.792,106.077,187942,4
Pani Da Rang (Male),3,Putumayo Presents Indian Groove,44gvSP8Kpx6P7VSRHL9dN8,0.672,0.67,4,-7.257,0,0.0315,0.000198,0.197,0.533,98.032,239333,4
Brown Rang,3,International Villager,6NTwjo8MMAg0Ht2OlKdDir,0.804,0.902,11,-3.067,0,0.0846,0.000413,0.0651,0.72,155.98,211394,4
Gori Gori Gori Gori,3,Main Hoon Na,4RtvAfvD8lgqqBnojwaDI8,0.787,0.866,6,-7.016,0,0.0436,0.00292,0.284,0.68,101.009,268800,4
Make Some Noise For The Desi Boyz,3,Desi Boyz,71s7tZo8OGlN3VXyURWLUr,0.692,0.954,2,-3.93,0,0.0915,0,0.151,0.89,141.98,244068,4
"Cutiepie (From ""Ae Dil Hai Mushkil"")",3,"Cutiepie (From ""Ae Dil Hai Mushkil"")",1YOW5pnfikVa6BcCBIOQUU,0.799,0.929,0,-3.231,0,0.0668,0.000462,0.24,0.952,127.999,231562,4
Sau Tarah Ke,3,Dishoom,54SQet8YMttOgTqDNGcGpe,0.702,0.773,11,-4.79,1,0.0618,0,0.171,0.719,133.888,238994,4
Chalti Hai Kya 9 Se 12,3,Judwaa 2,06wmFmUzR15wlWpjTYwVTr,0.804,0.887,7,-5.169,0,0.0418,1.01E-06,0.212,0.915,126.011,261005,4
Thug Le,3,Ladies Vs Ricky Bahl,1opxtm6zIv7IF19S0eCtvV,0.768,0.788,1,-5.514,1,0.0687,2.94E-05,0.103,0.931,112.988,218932,4
Kaise Mujhe,3,Ghajini,53DXM0bHfB7xkqJZYlksuh,0.59,0.414,10,-12.391,1,0.0346,0.000522,0.146,0.292,82.002,343742,4
Phir Milenge Chalte Chalte,3,Rough Guide: Bollywood,3wvQGRNhwSYzknfOcbzXLT,0.771,0.553,0,-13.063,1,0.197,1.30E-05,0.042,0.924,125.041,391093,4
"Dil Ne Yeh Kaha Hain Dil Se (From ""Dhadkan"")",3,My Best Collection - Sonu Nigam,354i3UEfcV6eylOYf7Dy9A,0.618,0.569,6,-11.285,0,0.0828,6.23E-06,0.0385,0.638,164.046,347350,4
"Kya Kare Kya Na Kare (From ""Rangeela"")",3,Rangeela (Original Motion Picture Soundtrack),1KcDpB7iLGx4Jt1bBoDjsr,0.86,0.645,7,-8.431,1,0.134,0.000141,0.141,0.561,112.948,338845,4
"Mangta Hai Kya (From ""Rangeela"")",3,Rangeela (Original Motion Picture Soundtrack),6L5tAjM5jIUUiUVFWZvR7K,0.806,0.602,5,-6.927,0,0.053,0.0682,0.0849,0.871,129.978,406000,4
Radha Kaise Na Jale,3,Lagaan (Original Motion Picture Soundtrack),0wnLMEOQlyW3Es1ag0HMVV,0.729,0.505,7,-9.236,1,0.323,0,0.0975,0.723,148.435,334707,3
Woh Ladki Hai Kahan,3,Dil Chahta Hai,2tO0QPdCA0jgDBshTuYYkc,0.786,0.677,8,-8.624,1,0.183,0.000104,0.0446,0.858,94.985,306133,4
"Naah Goriye (From ""Bala"")",3,"Naah Goriye (From ""Bala"")",1CM4rFDU9q4EoLy2K44qE6,0.823,0.765,2,-1.695,0,0.0633,0,0.0601,0.715,99.96,184618,4
Lamborghini,3,Jai Mummy Di,3whi298a6dcu8PUu62NE1b,0.769,0.922,1,-3.123,1,0.0534,0.000156,0.189,0.634,104.916,246636,4
Shukran Allah,3,Kurbaan (Original Motion Picture Soundtrack),3nKEiJUeaWn8q2O9I1xwlB,0.432,0.695,1,-8.022,1,0.111,0.0014,0.274,0.513,116.153,290053,3
Jab Mila Tu,3,I Hate Luv Storys (Original Motion Picture Soundtrack),6Sp7azay1NZU4wxlFacWCl,0.626,0.561,9,-6.644,0,0.0304,0,0.304,0.794,167.916,251853,4
Despacito (Featuring Daddy Yankee),3,Despacito (Featuring Daddy Yankee),7CUYHcu0RnbOnMz4RuN07w,0.659,0.802,2,-4.79,1,0.148,0,0.123,0.863,177.936,228200,4
Dil Chahta Hai,3,Dil Chahta Hai,2r1CHpKRDdzHGJScn5UqjX,0.813,0.554,10,-9.105,1,0.04,1.23E-06,0.0629,0.782,103.953,310080,4
Pareshaan,3,Ishaqzaade,5XXJqs7f42R8PAY4Xcr0ax,0.446,0.398,2,-11.353,0,0.0358,5.48E-05,0.112,0.259,149.839,292075,3
Proper Patola,3,Namaste England (Original Motion Picture Soundtrack),39ujbBjTwwqUFySaCYDMMT,0.77,0.824,1,-6.491,0,0.0851,0,0.318,0.49,172.006,178605,4
Aa Toh Sahi,3,Judwaa 2,1f3GOFy8WQ3ab4GP7c26QR,0.737,0.843,8,-3.309,1,0.0591,0,0.139,0.679,97.058,221277,4
Akh Lad Jaave,3,Loveyatri - A Journey Of Love,5SVpD60u9vjoQ2OeoKsTkb,0.867,0.705,10,-3.893,0,0.0522,0,0.0868,0.285,94.985,180176,4
Pehli Baar,3,Dil Dhadakne Do,39GcR1iJpR2RX629O0zuW5,0.734,0.738,9,-4.606,0,0.0368,0,0.113,0.813,126.007,263810,4
Small Town Girl,3,Bachna Ae Haseeno,6bRMrsjdHJ6W7zDEep3JlE,0.813,0.504,7,-12.845,1,0.108,0,0.255,0.791,99.874,138031,4
Yeh Tara Woh Tara,3,Swades,2HEw0hwnqYCN1w8ANOQXCl,0.751,0.438,7,-8.715,1,0.0362,0,0.103,0.609,129.956,432067,4
Dil Kyun Yeh Mera,3,Kites,5nHwX7e5XHnie22nuTFgda,0.486,0.382,6,-6.183,1,0.0286,8.56E-05,0.149,0.164,125.918,333200,3
Jhalla Wallah,3,Ishaqzaade,1y8Ck6jFOyxNC59SrQJIn6,0.454,0.552,4,-9.479,1,0.162,8.93E-06,0.247,0.596,86.994,351425,4
"Tere Hoke Rehengay (From ""Raja Natwarlal"")",3,Tere Ho Ke Rahenge & Other Hits,2xx5UUXkVWnotowONhWyjD,0.717,0.681,10,-4.318,0,0.0292,0.000242,0.0998,0.43,115.971,243646,4
"Nachan Nu Jee Karda (From ""Angrezi Medium"")",4,"Nachan Nu Jee Karda (From ""Angrezi Medium"")",2zQeAeH3q0K7U2AWEcVOsF,0.932,0.902,1,-1.947,1,0.101,7.13E-06,0.0638,0.653,110.007,167947,4
Goa Beach,4,Goa Beach,4obyqyCX0Vx839PTsz1OGf,0.913,0.622,7,-7.178,1,0.177,0,0.0789,0.781,110.011,218520,4
The Wakhra Song,4,"The Wakhra Song (From ""Judgementall Hai Kya"")",6N6mJlsjYRV0yoMSPS5JiQ,0.788,0.894,5,-2.661,0,0.198,0.000253,0.0649,0.588,89.945,196000,4
Dilbar,4,Satyameva Jayate,0Ms1V2flsPzr2bVqImelCB,0.725,0.912,9,-3.665,0,0.0851,7.68E-05,0.107,0.674,104.054,184433,4
Masakali 2.0,4,Masakali 2.0,0LtuveFgRP4lkksywmCtxV,0.772,0.748,10,-3.666,0,0.0444,7.79E-06,0.0657,0.493,99.971,172015,4
"Nachan Nu Jee Karda (From ""Angrezi Medium"")",4,"Nachan Nu Jee Karda (From ""Angrezi Medium"")",2zQeAeH3q0K7U2AWEcVOsF,0.932,0.902,1,-1.947,1,0.101,7.13E-06,0.0638,0.653,110.007,167947,4
Sau Aasmaan,4,Baar Baar Dekho (Original Motion Picture Soundtrack),0zHZSO80CTxNtvtRhveHRJ,0.63,0.729,6,-4.93,1,0.0287,8.00E-06,0.0786,0.44,127.919,234737,4
Kar Gayi Chull,4,The Badshah of Party Hits,3fPgIknlkDWXs1l2noKZbp,0.827,0.737,11,-5.473,0,0.0764,0.000322,0.211,0.873,121.99,187711,4
The Breakup Song,4,Ae Dil Hai Mushkil (Original Motion Picture Soundtrack),7BjQd0sfYsMGVrTpRdBNTT,0.818,0.93,11,-2.982,1,0.247,0,0.658,0.831,113.988,252632,4
Aadat,4,Kalyug,4yR2z3JafnCo86THA6ISZ4,0.63,0.746,0,-6.551,0,0.0398,0.000836,0.271,0.34,102.954,333740,4
Dil De Diya Hai,4,Masti,2zT6KfK583MkcLIHLBO8De,0.599,0.689,0,-5.668,0,0.0452,1.10E-05,0.119,0.537,86.927,366747,4
Ya Ali,4,Gangster,5HCrm5tm2Lrvc18TFt4dCJ,0.626,0.774,4,-11.298,0,0.0473,0,0.117,0.782,123.006,295800,4
Mere Haath Mein,4,Fanaa,6oUK2k9OJ0WvmVveyauFB7,0.554,0.606,1,-12.312,1,0.0722,0.000183,0.11,0.584,93.922,285858,4
Guzarish,4,Ghajini,2MvCNH9ua0CeOgUQfZf56z,0.595,0.624,9,-10.943,0,0.0603,0,0.114,0.647,170.001,327030,4
Bheegi Si Bhaagi Si,4,Raajneeti (Original Motion Picture Soundtrack),665b3Nss3OQmhTUdB5hBXw,0.564,0.867,8,-6.21,1,0.121,0,0.262,0.815,88.919,278093,4
Judai,4,Jannat (Original Motion Picture Soundtrack),7LGgRybx6vnACSRnYcGmMl,0.677,0.837,8,-4.814,0,0.0646,0.0013,0.115,0.829,111.934,302400,4
Lambi Judai,4,Jannat (Original Motion Picture Soundtrack),3mFDF0ulC4tyOFC4bB67Kd,0.649,0.792,5,-5.576,0,0.0453,0.028,0.0646,0.733,112.086,288040,4
"Why This Kolaveri Di ? (From ""3"") - The Soup of Love",4,My Ultimate Bollywood Party 2012,5ofWg777J5LFcBDurKunyh,0.82,0.768,5,-4.445,0,0.165,1.46E-05,0.432,0.893,140.008,257307,4
Bahara,4,I Hate Luv Storys (Original Motion Picture Soundtrack),1gwO79MdYdumgIjxq8eCxB,0.595,0.739,5,-6.733,1,0.0359,6.98E-06,0.134,0.722,87.834,325707,4
Tujhe Bhula Diya,4,Anjaana Anjaani,4r8JqkhpTb5tzSKKHnVJIJ,0.644,0.423,11,-8.702,0,0.0324,0,0.11,0.509,131.903,279429,4
Heer,4,Jab Tak Hai Jaan,1CapGmE3jqZpEATdujksnX,0.33,0.572,4,-9.562,0,0.0548,1.80E-06,0.155,0.369,78.267,314175,4
Tumse Hi Tumse,4,Anjaana Anjaani,6qNyL8lZuqFmy9ginJRQOZ,0.7,0.526,0,-6.246,1,0.0355,0.471,0.102,0.774,92.015,261559,4
Yaariyaan,4,Cocktail,0DANTgeuWo76sVMUjQqJ9G,0.485,0.546,2,-8.21,1,0.0303,3.05E-05,0.0444,0.406,149.938,377600,4
Kabhi Alvida Naa Kehna,4,Kabhi Alvida Naa Kehna (Original Motion Picture Soundtrack),4uXShFWajd1PTQzlW3P4jj,0.365,0.407,5,-10.352,1,0.0424,0.00129,0.212,0.464,149.161,483920,4
Kabira,4,Yeh Jawaani Hai Deewani,4bD9z9qa4qg9BhryvYWB7c,0.59,0.555,2,-6.861,1,0.0271,0,0.192,0.191,84.027,223460,4
Tera Rastaa Chhodoon Na,4,Chennai Express,7cLGKaJXLFpUU7Up34vVr1,0.419,0.679,4,-8.052,1,0.0384,0.00229,0.119,0.368,169.911,252964,4
Jiyein Kyun,4,Dum Maaro Dum,0up9rhm9qt2LW7cnoDFCMk,0.393,0.609,4,-5.954,1,0.0415,2.22E-06,0.107,0.347,71.377,264963,4
Duaa,4,Shanghai,606dT4oMKQc9uDUv7ADy97,0.554,0.578,5,-7.718,0,0.0379,5.53E-05,0.11,0.55,137.921,260139,4
Abhi Mujh Mein Kahin,4,Agneepath (Original Motion Picture Soundtrack),73y649QhnXdcm6fRdvfraO,0.334,0.387,2,-9.483,1,0.0332,3.94E-05,0.113,0.42,129.959,364787,1
"Suraj Hua Maddham (From ""Kabhi Khushi Kabhie Gham"")",4,Sonu Nigam: Best of Me,2bTOQ3zfHVDEBX9ffy3JzR,0.633,0.691,5,-5.851,1,0.0557,0.000211,0.134,0.57,80.002,427547,4
Tumhi Dekho Naa,4,Kabhi Alvida Naa Kehna (Original Motion Picture Soundtrack),2ILhVeTkbDAYEvesCCBsNo,0.525,0.448,2,-10.365,0,0.0391,1.51E-05,0.107,0.356,81.131,347453,4
E Ajnabi,4,Dil Se,76oggx0MlhUap9kPZGUplW,0.721,0.351,11,-11.438,0,0.0378,0,0.0972,0.457,121.953,349267,4
O Paalanhaare,4,Lagaan (Original Motion Picture Soundtrack),5wPr9KuSfGBwGCi6NgJoVv,0.461,0.336,2,-10.632,1,0.0423,0,0.294,0.176,81.846,318947,4
Khoon Chala,4,Rang De Basanti (Original Motion Picture Soundtrack),56y6UhrAnXeSovZIE497DL,0.397,0.247,1,-13.358,0,0.0427,0,0.108,0.121,122.119,189280,4
Luka Chuppi,4,Rang De Basanti (Original Motion Picture Soundtrack),500H9ENeR5AYbKU1ScK6ME,0.601,0.441,4,-8.946,1,0.0285,1.08E-06,0.0986,0.202,103.862,396507,4
Jo Bhi Main,4,Rockstar,2WNF8CtXFSyy3StvXzvY92,0.56,0.572,11,-7.54,0,0.0292,1.34E-05,0.119,0.4,135.955,275515,4
Kun Faaya Kun,4,Rockstar,1RORoJPX4mglFFtg1OPl17,0.372,0.381,1,-11.022,1,0.0337,0,0.0902,0.567,87.542,472530,4
Aur Ho,4,Rockstar,4WFvHssoOo59IwJGxJvHru,0.259,0.364,0,-8.426,1,0.0331,0,0.113,0.154,153.374,334421,4
Nadaan Parindey,4,Rockstar,2oWvInYdalgHyyNY0Q4t7w,0.525,0.749,6,-7.485,0,0.0585,3.68E-06,0.107,0.496,132.971,386012,4
Hasi - Female Version,4,Hamari Adhuri Kahani (Original Motion Picture Soundtrack),1cmZbGkCEVVAck2MsWpPYQ,0.52,0.485,4,-6.438,0,0.0269,0.000466,0.159,0.407,143.901,192187,4
Song: Silsila Ye Chahat Ka,4,"Devdas - An Adaptation Of Sarat Chandra Chattopadhyay's ""Devdas""",5n7KWx7UkcKJUB8GvJCYqj,0.556,0.516,0,-10.913,1,0.0694,0,0.407,0.337,138.698,240707,4
Bin Tere,4,I Hate Luv Storys (Original Motion Picture Soundtrack),3bZPdEskcnMdepwCaDSJRl,0.585,0.698,9,-6.261,1,0.0392,3.59E-06,0.363,0.621,139.831,330360,4
"Dooriyan (From ""Love Aaj Kal"")",4,Love Aaj Kal,4peiaLdhDgUgQ646Gpbvh3,0.517,0.716,7,-6.582,0,0.0509,0,0.11,0.594,122.952,337360,4
Kahin To,4,Jaane Tu... Ya Jaane Na,3E424W0IJS3ypZ4YOxE0Jn,0.61,0.492,10,-7.55,1,0.0261,6.30E-06,0.0979,0.165,90.984,303206,4
"Main Jahaan Rahoon (From ""Namastey London"")",4,Namastey London,1SPjyXQvDjvPA3hYhHvsO1,0.584,0.556,5,-8.98,1,0.0514,2.90E-05,0.13,0.517,103.739,382493,4
Tum Se Hi,4,Jab We Met,7eQl3Yqv35ioqUfveKHitE,0.609,0.538,6,-7.842,1,0.0273,0,0.125,0.608,130.015,321225,4
"Viraaniya (From ""Namastey London"")",4,Namastey London,6HXiHNDPK9cofTPCb4hMeO,0.653,0.522,11,-10.144,0,0.0428,0,0.254,0.565,110.032,343667,4
Mitwa,4,Kabhi Alvida Naa Kehna (Original Motion Picture Soundtrack),4BTPzhEsyW3blWcxcuhLM0,0.63,0.63,4,-7.525,1,0.0364,1.26E-05,0.0934,0.517,107.103,382973,4
Dil Ibaadat,4,Tum Mile (Original Motion Picture Soundtrack),3Kl8p2PxVf8eAayLwTxOIm,0.59,0.859,2,-5.005,0,0.0416,0,0.286,0.634,149.966,329387,4
See You Again (feat. Charlie Puth),4,Furious 7: Original Motion Picture Soundtrack (Deluxe),00SNGvA3aGn5uE2uGGhOJR,0.689,0.481,10,-7.503,1,0.0815,1.03E-06,0.0649,0.283,80.025,229526,4
"Shayad (From ""Love Aaj Kal"")",4,"Shayad (From ""Love Aaj Kal"")",018eOid2aGaPdxon7T6GsC,0.487,0.456,8,-7.144,1,0.0319,1.79E-06,0.141,0.348,136.088,247941,4
Humdard,4,Ek Villain,1OEmd2iXU8pWG7CrKNpGUg,0.572,0.541,5,-6.45,1,0.0245,0,0.111,0.266,87.01,260590,4
Phir Bhi Tumko Chaahunga,4,Half Girlfriend,35P2Xal9x3GAdOHytyEUFe,0.527,0.525,1,-8.106,1,0.0337,1.41E-05,0.172,0.257,99.638,351588,4
"Bolna (From ""Kapoor & Sons (Since 1921)"")",4,"Bolna (From ""Kapoor & Sons (Since 1921)"")",3GrCQPpKqKzOcKfMAoqn82,0.488,0.403,5,-7.005,1,0.0272,4.28E-06,0.434,0.497,131.489,212832,3
Hawayein,4,Jab Harry Met Sejal (Original Motion Picture Soundtrack),0l6g8Z8mqGbGXFOjigYetD,0.606,0.601,2,-5.576,1,0.0283,0.000511,0.127,0.453,125.961,289999,4
Yeh Fitoor Mera,4,Fitoor,3hp6JfJIxkv3sl7E6p7DQj,0.449,0.421,4,-8.92,1,0.0272,0.000108,0.11,0.203,163.747,283070,3
Channa Mereya,4,Ae Dil Hai Mushkil (Original Motion Picture Soundtrack) [Deluxe Edition],0H2iJVgorRR0ZFgRqGUjUM,0.476,0.788,9,-4.821,0,0.0446,2.49E-05,0.106,0.746,90.066,289333,4
Yaariyan (reprise),4,Cocktail,2pvaCuTrMVS6byOHCIQyHj,0.578,0.286,10,-9.431,1,0.0298,1.07E-05,0.116,0.205,75.05,313600,4
"Ashq Na Ho (From ""Holiday"")",4,Best of Bollywood: Arijit Singh,1plOkuDLCiVDjugyQDcaUq,0.438,0.376,4,-6.292,0,0.0329,0,0.0924,0.344,173.944,353103,4
Maa,4,Taare Zameen Par,4SuA85PaD8GFTPYwKNYDe1,0.392,0.256,0,-13.147,1,0.0369,9.46E-05,0.0462,0.154,67.609,310665,4
Tujh Mein Rab Dikhta Hai,4,Rab Ne Bana Di Jodi (Original),2LcXJP95e4HKydTZ2mYfrx,0.56,0.604,8,-8.732,1,0.0866,1.12E-06,0.176,0.75,84.784,281574,4
Kabira,4,Yeh Jawaani Hai Deewani,4bD9z9qa4qg9BhryvYWB7c,0.59,0.555,2,-6.861,1,0.0271,0,0.192,0.191,84.027,223460,4
Piya Aaye Na,4,Aashiqui 2,1ELMyeJLDHUz3cK3XTWgEi,0.5,0.588,4,-7.66,0,0.0362,4.52E-05,0.327,0.35,81.973,286120,4
Tujhe Sochta Hoon,4,Jannat 2 (Original Motion Picture Soundtrack),47l2Dd3XPBLio3kjbEMyDJ,0.579,0.712,0,-6.119,0,0.0308,0.000253,0.18,0.486,80.998,313933,4
Tu Hi Meri Shab Hai,4,Gangster,4IGfpRPTnhzZyL74Ilubrb,0.568,0.726,9,-6.087,0,0.0366,0.000764,0.122,0.564,118.842,387947,4
Jaane Kyon Log Pyar,4,Dil Chahta Hai,2NouPVwXUlBF0wDm5bpAbp,0.607,0.526,4,-9.111,1,0.066,0.00173,0.227,0.341,190.019,289387,4
"Kya Karoon? (From ""Wake Up Sid "")",4,Best of SEL,1FRcg84SSGxJTsIR16z4AU,0.594,0.548,9,-7.588,0,0.0267,0.00146,0.117,0.374,98.014,236160,4
Haule Haule,4,Rab Ne Bana Di Jodi (Original),2UKK9UEbKlykbmLVP1zWIQ,0.712,0.776,5,-7.424,0,0.213,2.17E-06,0.0896,0.96,89.934,263967,4
"Arey Pyaar Kar Le (From ""Shubh Mangal Zyada Saavdhan"")",4,"Arey Pyaar Kar Le (From ""Shubh Mangal Zyada Saavdhan"")",6lhxjnUslxxVuDu8JD1Fhd,0.746,0.925,9,-3.627,1,0.0694,5.64E-05,0.29,0.924,131.975,164602,4
Yaad Piya Ki Aane Lagi,4,Yaad Piya Ki Aane Lagi,0TkquWzzuxcrwbCWlTrKYF,0.858,0.833,5,-3.747,0,0.0471,0,0.112,0.693,107.977,256678,4
Judai,4,Jannat (Original Motion Picture Soundtrack),7LGgRybx6vnACSRnYcGmMl,0.677,0.837,8,-4.814,0,0.0646,0.0013,0.115,0.829,111.934,302400,4
Lambi Judai,4,Jannat (Original Motion Picture Soundtrack),3mFDF0ulC4tyOFC4bB67Kd,0.649,0.792,5,-5.576,0,0.0453,0.028,0.0646,0.733,112.086,288040,4
"Deewani Mastani (From ""Bajirao Mastani"")",4,Bajirao Mastani (Original Motion Picture Soundtrack),7IP72Pw6reOTDZrpLVtOFT,0.531,0.865,1,-3.389,0,0.0536,0,0.22,0.582,79.97,340232,4
"Main Jahaan Rahoon (From ""Namastey London"")",4,Namastey London,26q5bMeoH7C2K3Xye5QKnH,0.584,0.556,5,-8.98,1,0.0514,2.90E-05,0.13,0.517,103.739,382493,4
"Ae Dil Hai Mushkil Title Track (From ""Ae Dil Hai Mushkil"")",4,"Ae Dil Hai Mushkil Title Track (From ""Ae Dil Hai Mushkil"")",79jYT83v4bMOWEgwjQxSx2,0.495,0.654,3,-6.639,0,0.0679,0,0.165,0.35,123.896,269032,4
"Channa Mereya (From ""Ae Dil Hai Mushkil"")",4,"Channa Mereya (From ""Ae Dil Hai Mushkil"")",1plFCZ6QFAjSRutT02GTCn,0.476,0.788,9,-4.821,0,0.0448,2.64E-05,0.106,0.747,90.066,289333,4
Pehla Nasha,4,Jo Jeeta Wohi Sikandar (Original Motion Picture Soundtrack),1VrheK4CdhX74nrOSNIFtH,0.458,0.34,5,-14.309,1,0.0333,2.01E-05,0.0799,0.516,151.979,291400,4
Ni Main Samajh Gayee,0,Taal (Original Motion Picture Soundtrack),7wJphnipgpptcsRk6Aur3w,0.793,0.502,7,-14.127,1,0.0492,0,0.237,0.589,101.001,269816,4
